Workbook

Sheet Dashboard
B2: Dashboard — Colegio Secundario
B3: Panel de indicadores generales (se actualiza solo al cargar más datos)
B5: Total de Alumnos | F5: Total de Profesores | J5: Total de Cursos
B6: =COUNTA(Alumnos!$A$2:$A$31) -> 30 | F6: =COUNTA(Profesores!$A$2:$A$12) -> 11 | J6: =SUMPRODUCT(1/COUNTIFS(Alumnos!$F$2:$F$31,Alumnos!$F$2:$F$31,Alumnos!$G$2:$G$31,Alumnos!$G$2:$G$31)) -> 3
B9: Promedio General Institucional | F9: % Asistencia General
B10: =IFERROR(ROUND(AVERAGE(Notas!$K$2:$K$241),2),"") -> 7.07 | F10: =IFERROR(COUNTIF(Asistencia!$G$2:$G$151,"Presente")/COUNTA(Asistencia!$G$2:$G$151),"") -> 0.56
B14: Alumnos por Curso
B15: Curso | C15: Turno | D15: Cant. Alumnos | E15: Promedio del Curso | F15: % Asistencia
B16: 1°A | C16: Mañana | D16: =COUNTIFS(Alumnos!$F$2:$F$31,1,Alumnos!$G$2:$G$31,"A") -> 10 | E16: =IFERROR(ROUND(AVERAGEIFS(Notas!$K$2:$K$241,Notas!$C$2:$C$241,1,Notas!$D$2:$D$241,"A"),2),"") -> 7.18 | F16: =IFERROR(COUNTIFS(Asistencia!$B$2:$B$151,1,Asistencia!$C$2:$C$151,"A",Asistencia!$G$2:$G$151,"Presente")/COUNTIFS(Asistencia!$B$2:$B$151,1,Asistencia!$C$2:$C$151,"A"),"") -> 0.52
B17: 2°A | C17: Mañana | D17: =COUNTIFS(Alumnos!$F$2:$F$31,2,Alumnos!$G$2:$G$31,"A") -> 10 | E17: =IFERROR(ROUND(AVERAGEIFS(Notas!$K$2:$K$241,Notas!$C$2:$C$241,2,Notas!$D$2:$D$241,"A"),2),"") -> 7.16 | F17: =IFERROR(COUNTIFS(Asistencia!$B$2:$B$151,2,Asistencia!$C$2:$C$151,"A",Asistencia!$G$2:$G$151,"Presente")/COUNTIFS(Asistencia!$B$2:$B$151,2,Asistencia!$C$2:$C$151,"A"),"") -> 0.5
B18: 3°A | C18: Tarde | D18: =COUNTIFS(Alumnos!$F$2:$F$31,3,Alumnos!$G$2:$G$31,"A") -> 10 | E18: =IFERROR(ROUND(AVERAGEIFS(Notas!$K$2:$K$241,Notas!$C$2:$C$241,3,Notas!$D$2:$D$241,"A"),2),"") -> 6.87 | F18: =IFERROR(COUNTIFS(Asistencia!$B$2:$B$151,3,Asistencia!$C$2:$C$151,"A",Asistencia!$G$2:$G$151,"Presente")/COUNTIFS(Asistencia!$B$2:$B$151,3,Asistencia!$C$2:$C$151,"A"),"") -> 0.66
B21: Promedio por Materia (todos los cursos) | F21: Distribución de Asistencia (general)
B22: Materia | C22: Promedio | F22: Estado | G22: Cantidad
B23: Biología | C23: =IFERROR(ROUND(AVERAGEIFS(Notas!$K$2:$K$241,Notas!$E$2:$E$241,$B23),2),"") -> 7.1 | F23: Presente | G23: =COUNTIF(Asistencia!$G$2:$G$151,$F23) -> 84
B24: Educación Artística | C24: =IFERROR(ROUND(AVERAGEIFS(Notas!$K$2:$K$241,Notas!$E$2:$E$241,$B24),2),"") -> 6.67 | F24: Ausente | G24: =COUNTIF(Asistencia!$G$2:$G$151,$F24) -> 23
B25: Educación Física | C25: =IFERROR(ROUND(AVERAGEIFS(Notas!$K$2:$K$241,Notas!$E$2:$E$241,$B25),2),"") -> 6.89 | F25: Tarde | G25: =COUNTIF(Asistencia!$G$2:$G$151,$F25) -> 30
B26: Formación Ética y Ciudadana | C26: =IFERROR(ROUND(AVERAGEIFS(Notas!$K$2:$K$241,Notas!$E$2:$E$241,$B26),2),"") -> 7.67 | F26: Justificada | G26: =COUNTIF(Asistencia!$G$2:$G$151,$F26) -> 13
B27: Física-Química | C27: =IFERROR(ROUND(AVERAGEIFS(Notas!$K$2:$K$241,Notas!$E$2:$E$241,$B27),2),"") -> 6.97
B28: Geografía | C28: =IFERROR(ROUND(AVERAGEIFS(Notas!$K$2:$K$241,Notas!$E$2:$E$241,$B28),2),"") -> 7.37
B29: Historia | C29: =IFERROR(ROUND(AVERAGEIFS(Notas!$K$2:$K$241,Notas!$E$2:$E$241,$B29),2),"") -> 7.14
B30: Inglés | C30: =IFERROR(ROUND(AVERAGEIFS(Notas!$K$2:$K$241,Notas!$E$2:$E$241,$B30),2),"") -> 6.89
B31: Lengua y Literatura | C31: =IFERROR(ROUND(AVERAGEIFS(Notas!$K$2:$K$241,Notas!$E$2:$E$241,$B31),2),"") -> 7.04
B32: Matemática | C32: =IFERROR(ROUND(AVERAGEIFS(Notas!$K$2:$K$241,Notas!$E$2:$E$241,$B32),2),"") -> 7.01
B33: Tecnología | C33: =IFERROR(ROUND(AVERAGEIFS(Notas!$K$2:$K$241,Notas!$E$2:$E$241,$B33),2),"") -> 7.17

Sheet Instrucciones
B2: Sistema de Gestión Escolar — Nivel Secundario
B4: Cómo está organizada esta planilla
B6: • Alumnos | C6: Ficha completa de cada alumno/a: datos personales y datos de padre, madre y/o tutor. Es la base de la que se alimentan las demás hojas.
B8: • Profesores | C8: Datos de contacto de cada docente y qué materia dicta principalmente.
B10: • Plan_Materias | C10: Qué materias corresponden a cada Año/División/Turno y qué profesor/a la dicta. Es el 'mapa' curricular del colegio.
B12: • Notas | C12: Listado de alumnos por materia con sus notas y una observación. El promedio y la condición (Aprobado/Desaprobado) se calculan solos.
B14: • Asistencia (Preceptoría) | C14: Toma de lista diaria por curso: Presente / Ausente / Tarde / Justificada, con observación del preceptor/a.
B16: • Dashboard | C16: Panel con indicadores generales: cantidad de alumnos, promedios por materia, asistencia por curso y gráficos.
B19: Referencia de colores
C21: Celdas para completar / editar (datos a cargar)
C22: Celdas con fórmula: no escribir encima, se recalculan solas
B24: Notas importantes
B25: - Los datos de alumnos, profesores, notas y asistencia de esta planilla son EJEMPLOS ilustrativos para mostrar cómo funciona el sistema. Reemplácenlos por los datos reales del colegio.
B26: - Para agregar un alumno nuevo: cargarlo en 'Alumnos' con un ID_Alumno único, y luego agregar sus filas en 'Notas' y 'Asistencia' usando ese mismo ID (el nombre se completa solo).
B27: - Para agregar una materia o cambiar el profesor de un curso: editar la hoja 'Plan_Materias'.
B28: - El Dashboard se actualiza automáticamente a medida que se cargan más alumnos, notas y asistencias.

Sheet Alumnos
A1: ID_Alumno | B1: Apellido | C1: Nombre | D1: DNI | E1: Fecha_Nac. | F1: Año | G1: División | H1: Turno | I1: Dirección | J1: Teléfono_Alumno | K1: Email_Alumno | L1: Apellido_Padre | M1: Nombre_Padre | N1: DNI_Padre | O1: Teléfono_Padre | P1: Apellido_Madre | Q1: Nombre_Madre | R1: DNI_Madre | S1: Teléfono_Madre | T1: Apellido_Tutor | U1: Nombre_Tutor | V1: DNI_Tutor | W1: Teléfono_Tutor | X1: Observaciones
A2: AL-001 | B2: Ortiz | C2: María | D2: 34614226 | E2: 08/04/2013 | F2: 1 | G2: A | H2: Mañana | I2: Calle Díaz 939 | J2: 11-7467-2424 | K2: maría.ortiz@alumnos.ejemplo.edu.ar | L2: Aguirre | M2: Facundo | N2: 30533224 | O2: 11-3244-2535 | P2: Pérez | Q2: Camila | R2: 38478454 | S2: 11-7931-1434
A3: AL-002 | B3: Herrera | C3: Delfina | D3: 37038374 | E3: 08/08/2013 | F3: 1 | G3: A | H3: Mañana | I3: Calle Aguirre 2378 | J3: 11-3053-3615 | K3: delfina.herrera@alumnos.ejemplo.edu.ar | L3: Molina | M3: Facundo | N3: 35708456 | O3: 11-5276-3547 | P3: Pérez | Q3: Zoe | R3: 35647119 | S3: 11-3837-2519
A4: AL-003 | B4: Vega | C4: Joaquín | D4: 34437923 | E4: 26/01/2013 | F4: 1 | G4: A | H4: Mañana | I4: Calle Ortiz 3863 | J4: 11-7392-3045 | K4: joaquín.vega@alumnos.ejemplo.edu.ar | L4: Peralta | M4: Facundo | N4: 31322047 | O4: 11-7522-5803 | P4: Ibáñez | Q4: Pilar | R4: 40377039 | S4: 11-5962-4150
A5: AL-004 | B5: Silva | C5: Tomás | D5: 34855124 | E5: 03/04/2013 | F5: 1 | G5: A | H5: Mañana | I5: Calle Cabrera 927 | J5: 11-6113-5554 | K5: tomás.silva@alumnos.ejemplo.edu.ar | L5: Acosta | M5: Nicolás | N5: 43994050 | O5: 11-5988-3664 | P5: Torres | Q5: Julieta | R5: 33514944 | S5: 11-5187-2169
A6: AL-005 | B6: Sánchez | C6: Franco | D6: 32741438 | E6: 15/07/2013 | F6: 1 | G6: A | H6: Mañana | I6: Calle Romero 4662 | J6: 11-4799-6313 | K6: franco.sánchez@alumnos.ejemplo.edu.ar | L6: Ibáñez | M6: Agustín | N6: 43019118 | O6: 11-3458-4752 | P6: Ibáñez | Q6: María | R6: 43506427 | S6: 11-5584-7572
A7: AL-006 | B7: Luna | C7: Iván | D7: 42044602 | E7: 11/04/2013 | F7: 1 | G7: A | H7: Mañana | I7: Calle Castro 4189 | J7: 11-6241-8517 | K7: iván.luna@alumnos.ejemplo.edu.ar | L7: Díaz | M7: Benjamín | N7: 32342608 | O7: 11-5020-9830 | P7: Romero | Q7: Delfina | R7: 39807725 | S7: 11-6509-7543
A8: AL-007 | B8: Medina | C8: Valentina | D8: 38279821 | E8: 03/01/2013 | F8: 1 | G8: A | H8: Mañana | I8: Calle Cabrera 998 | J8: 11-4252-3621 | K8: valentina.medina@alumnos.ejemplo.edu.ar | L8: Núñez | M8: Nicolás | N8: 37082668 | O8: 11-7885-2040 | P8: Ruiz | Q8: Emilia | R8: 39997348 | S8: 11-6834-9669
A9: AL-008 | B9: Rojas | C9: María | D9: 42091705 | E9: 04/11/2013 | F9: 1 | G9: A | H9: Mañana | I9: Calle Luna 4498 | J9: 11-5185-6573 | K9: maría.rojas@alumnos.ejemplo.edu.ar | L9: López | M9: Benjamín | N9: 37294150 | O9: 11-4295-8433 | P9: González | Q9: Delfina | R9: 44694373 | S9: 11-5157-9201
A10: AL-009 | B10: Cabrera | C10: Sofía | D10: 40490796 | E10: 10/11/2013 | F10: 1 | G10: A | H10: Mañana | I10: Calle Medina 1729 | J10: 11-4252-7126 | K10: sofía.cabrera@alumnos.ejemplo.edu.ar | L10: Silva | M10: Lucas | N10: 39049278 | O10: 11-7344-1009 | P10: Vega | Q10: Julieta | R10: 38197443 | S10: 11-3159-2832
A11: AL-010 | B11: Núñez | C11: Renata | D11: 35159230 | E11: 08/01/2013 | F11: 1 | G11: A | H11: Mañana | I11: Calle Sánchez 4747 | J11: 11-3645-2403 | K11: renata.núñez@alumnos.ejemplo.edu.ar | L11: Ortiz | M11: Santino | N11: 43690598 | O11: 11-3566-9727 | P11: Silva | Q11: Valentina | R11: 32154051 | S11: 11-6893-3705
A12: AL-011 | B12: Pérez | C12: Emilia | D12: 45584582 | E12: 18/12/2012 | F12: 2 | G12: A | H12: Mañana | I12: Calle Molina 1747 | J12: 11-5553-7537 | K12: emilia.pérez@alumnos.ejemplo.edu.ar | L12: Rojas | M12: Nicolás | N12: 36264956 | O12: 11-6588-9479 | P12: Acosta | Q12: Sofía | R12: 34159166 | S12: 11-4840-2049
A13: AL-012 | B13: Aguirre | C13: Camila | D13: 33694634 | E13: 01/02/2012 | F13: 2 | G13: A | H13: Mañana | I13: Calle Molina 582 | J13: 11-4875-2104 | K13: camila.aguirre@alumnos.ejemplo.edu.ar | L13: Luna | M13: Juan | N13: 44422288 | O13: 11-5706-2160 | P13: Medina | Q13: Camila | R13: 34672073 | S13: 11-6976-4510
A14: AL-013 | B14: Aguirre | C14: Guadalupe | D14: 39667227 | E14: 16/04/2012 | F14: 2 | G14: A | H14: Mañana | I14: Calle Núñez 3974 | J14: 11-6334-4119 | K14: guadalupe.aguirre@alumnos.ejemplo.edu.ar | L14: López | M14: Mateo | N14: 41055895 | O14: 11-6531-6804 | P14: Flores | Q14: Emilia | R14: 37835373 | S14: 11-3443-2612 | T14: Ortiz | U14: Nicolás | V14: 43431713 | W14: 11-3895-5073
A15: AL-014 | B15: Acosta | C15: Bruno | D15: 32351868 | E15: 14/03/2012 | F15: 2 | G15: A | H15: Mañana | I15: Calle Romero 3889 | J15: 11-5046-2235 | K15: bruno.acosta@alumnos.ejemplo.edu.ar | L15: Acosta | M15: Agustín | N15: 44451039 | O15: 11-7508-2604 | P15: Rodríguez | Q15: Pilar | R15: 39069560 | S15: 11-3120-2528
A16: AL-015 | B16: Flores | C16: Valentina | D16: 38147706 | E16: 16/04/2012 | F16: 2 | G16: A | H16: Mañana | I16: Calle Cabrera 3385 | J16: 11-3480-3697 | K16: valentina.flores@alumnos.ejemplo.edu.ar | L16: Ruiz | M16: Juan | N16: 36550190 | O16: 11-5172-8454 | P16: Suárez | Q16: Emilia | R16: 41686866 | S16: 11-7552-8973
A17: AL-016 | B17: Aguirre | C17: Juan | D17: 42343621 | E17: 18/01/2012 | F17: 2 | G17: A | H17: Mañana | I17: Calle Ortiz 2669 | J17: 11-3468-1821 | K17: juan.aguirre@alumnos.ejemplo.edu.ar | L17: Aguirre | M17: Santino | N17: 38436429 | O17: 11-7350-3579 | P17: Rodríguez | Q17: Milagros | R17: 31344047 | S17: 11-4522-2122
A18: AL-017 | B18: Ruiz | C18: Camila | D18: 32011363 | E18: 19/04/2012 | F18: 2 | G18: A | H18: Mañana | I18: Calle Aguirre 4970 | J18: 11-3325-2343 | K18: camila.ruiz@alumnos.ejemplo.edu.ar | L18: Flores | M18: Nicolás | N18: 39792396 | O18: 11-7630-9565 | P18: Álvarez | Q18: Guadalupe | R18: 34374922 | S18: 11-4673-6147
A19: AL-018 | B19: Castro | C19: Nicolás | D19: 35033115 | E19: 15/06/2012 | F19: 2 | G19: A | H19: Mañana | I19: Calle Peralta 694 | J19: 11-3076-8508 | K19: nicolás.castro@alumnos.ejemplo.edu.ar | L19: Vega | M19: Iván | N19: 31677407 | O19: 11-3600-9808 | P19: Pérez | Q19: Milagros | R19: 34449324 | S19: 11-4085-6718
A20: AL-019 | B20: Suárez | C20: Julieta | D20: 32646552 | E20: 15/09/2012 | F20: 2 | G20: A | H20: Mañana | I20: Calle Molina 2578 | J20: 11-7333-1128 | K20: julieta.suárez@alumnos.ejemplo.edu.ar | L20: Rojas | M20: Ramiro | N20: 39304682 | O20: 11-5452-2697 | P20: Luna | Q20: Valentina | R20: 34437001 | S20: 11-3945-2753
A21: AL-020 | B21: Vega | C21: Benjamín | D21: 33533779 | E21: 23/06/2012 | F21: 2 | G21: A | H21: Mañana | I21: Calle Pérez 2262 | J21: 11-7140-9004 | K21: benjamín.vega@alumnos.ejemplo.edu.ar | L21: Romero | M21: Ezequiel | N21: 45236380 | O21: 11-3416-2512 | P21: Castro | Q21: Emilia | R21: 43914152 | S21: 11-5266-1722 | T21: Silva | U21: Benjamín | V21: 40688988 | W21: 11-5145-3647
A22: AL-021 | B22: Molina | C22: Milagros | D22: 37175395 | E22: 18/01/2011 | F22: 3 | G22: A | H22: Tarde | I22: Calle López 716 | J22: 11-4221-9938 | K22: milagros.molina@alumnos.ejemplo.edu.ar | L22: Rodríguez | M22: Ramiro | N22: 36194416 | O22: 11-7771-3426 | P22: Flores | Q22: Valentina | R22: 30701771 | S22: 11-5525-6974
A23: AL-022 | B23: Rodríguez | C23: Renata | D23: 45081452 | E23: 12/04/2011 | F23: 3 | G23: A | H23: Tarde | I23: Calle Rojas 2144 | J23: 11-3842-6794 | K23: renata.rodríguez@alumnos.ejemplo.edu.ar | L23: Silva | M23: Bruno | N23: 44833318 | O23: 11-6329-3532 | P23: Peralta | Q23: Guadalupe | R23: 33971793 | S23: 11-4331-3900
A24: AL-023 | B24: Peralta | C24: Franco | D24: 35573147 | E24: 26/07/2011 | F24: 3 | G24: A | H24: Tarde | I24: Calle Núñez 2132 | J24: 11-5185-3608 | K24: franco.peralta@alumnos.ejemplo.edu.ar | L24: Núñez | M24: Franco | N24: 31813543 | O24: 11-6133-1634 | P24: Cabrera | Q24: Catalina | R24: 33731818 | S24: 11-4634-8541
A25: AL-024 | B25: Sánchez | C25: Renata | D25: 33740036 | E25: 01/11/2011 | F25: 3 | G25: A | H25: Tarde | I25: Calle Pérez 3364 | J25: 11-5689-5564 | K25: renata.sánchez@alumnos.ejemplo.edu.ar | L25: Cabrera | M25: Mateo | N25: 42974268 | O25: 11-5286-6753 | P25: Castro | Q25: Milagros | R25: 36705490 | S25: 11-7392-6425
A26: AL-025 | B26: Martínez | C26: Benjamín | D26: 39740679 | E26: 09/01/2011 | F26: 3 | G26: A | H26: Tarde | I26: Calle López 4987 | J26: 11-6559-6663 | K26: benjamín.martínez@alumnos.ejemplo.edu.ar | L26: Ortiz | M26: Agustín | N26: 35262632 | O26: 11-6574-9379 | P26: López | Q26: Emilia | R26: 45091185 | S26: 11-7723-4114
A27: AL-026 | B27: Medina | C27: María | D27: 45528574 | E27: 26/09/2011 | F27: 3 | G27: A | H27: Tarde | I27: Calle Rojas 1714 | J27: 11-5983-8066 | K27: maría.medina@alumnos.ejemplo.edu.ar | L27: Fernández | M27: Nicolás | N27: 45447971 | O27: 11-5704-6143 | P27: Rojas | Q27: Renata | R27: 32090865 | S27: 11-5460-9308
A28: AL-027 | B28: Molina | C28: Facundo | D28: 34960271 | E28: 18/03/2011 | F28: 3 | G28: A | H28: Tarde | I28: Calle Pérez 3544 | J28: 11-6105-3851 | K28: facundo.molina@alumnos.ejemplo.edu.ar | L28: Vega | M28: Iván | N28: 35049101 | O28: 11-6326-9977 | P28: Ibáñez | Q28: María | R28: 35098175 | S28: 11-5350-4443
A29: AL-028 | B29: Álvarez | C29: Pilar | D29: 37801207 | E29: 15/08/2011 | F29: 3 | G29: A | H29: Tarde | I29: Calle Rojas 1850 | J29: 11-7187-8752 | K29: pilar.álvarez@alumnos.ejemplo.edu.ar | L29: Núñez | M29: Ezequiel | N29: 43355079 | O29: 11-4390-2389 | P29: Suárez | Q29: Milagros | R29: 41137619 | S29: 11-5745-2530
A30: AL-029 | B30: Suárez | C30: Pilar | D30: 33768844 | E30: 26/04/2011 | F30: 3 | G30: A | H30: Tarde | I30: Calle Díaz 300 | J30: 11-3378-5011 | K30: pilar.suárez@alumnos.ejemplo.edu.ar | L30: Benítez | M30: Iván | N30: 44256232 | O30: 11-3596-8461 | P30: Flores | Q30: Guadalupe | R30: 40565709 | S30: 11-7715-4185
A31: AL-030 | B31: Sánchez | C31: Facundo | D31: 32475836 | E31: 21/12/2011 | F31: 3 | G31: A | H31: Tarde | I31: Calle González 973 | J31: 11-6482-4585 | K31: facundo.sánchez@alumnos.ejemplo.edu.ar | L31: Martínez | M31: Agustín | N31: 41675462 | O31: 11-7243-8611 | P31: Rodríguez | Q31: Milagros | R31: 34180853 | S31: 11-3994-8478 | T31: Acosta | U31: Emilia | V31: 38910914 | W31: 11-7578-6198

Sheet Profesores
A1: ID_Profesor | B1: Apellido | C1: Nombre | D1: DNI | E1: Teléfono | F1: Email | G1: Materia_Principal | H1: Cursos_Asignados
A2: PR-01 | B2: Gómez | C2: Laura | D2: 45939019 | E2: 11-6625-9270 | F2: laura.gómez@colegio.ejemplo.edu.ar | G2: Lengua y Literatura | H2: 1°A (Mañana), 2°A (Mañana), 3°A (Tarde)
A3: PR-02 | B3: Fernández | C3: Marcelo | D3: 37159521 | E3: 11-7488-8305 | F3: marcelo.fernández@colegio.ejemplo.edu.ar | G3: Matemática | H3: 1°A (Mañana), 2°A (Mañana), 3°A (Tarde)
A4: PR-03 | B4: Rodríguez | C4: Ana | D4: 45052654 | E4: 11-4303-8777 | F4: ana.rodríguez@colegio.ejemplo.edu.ar | G4: Historia | H4: 1°A (Mañana), 2°A (Mañana), 3°A (Tarde)
A5: PR-04 | B5: Pérez | C5: Diego | D5: 37550917 | E5: 11-5123-5050 | F5: diego.pérez@colegio.ejemplo.edu.ar | G5: Geografía | H5: 1°A (Mañana), 2°A (Mañana), 3°A (Tarde)
A6: PR-05 | B6: López | C6: Carla | D6: 44090561 | E6: 11-5271-9540 | F6: carla.lópez@colegio.ejemplo.edu.ar | G6: Biología | H6: 1°A (Mañana), 3°A (Tarde)
A7: PR-06 | B7: Martínez | C7: Julián | D7: 38130188 | E7: 11-4959-5499 | F7: julián.martínez@colegio.ejemplo.edu.ar | G7: Inglés | H7: 1°A (Mañana), 2°A (Mañana), 3°A (Tarde)
A8: PR-07 | B8: Sánchez | C8: Pablo | D8: 37379837 | E8: 11-3634-5681 | F8: pablo.sánchez@colegio.ejemplo.edu.ar | G8: Educación Física | H8: 1°A (Mañana), 2°A (Mañana), 3°A (Tarde)
A9: PR-08 | B9: Torres | C9: Marina | D9: 33934149 | E9: 11-5225-6502 | F9: marina.torres@colegio.ejemplo.edu.ar | G9: Educación Artística | H9: 1°A (Mañana)
A10: PR-09 | B10: Ramírez | C10: Gustavo | D10: 35363836 | E10: 11-7424-2320 | F10: gustavo.ramírez@colegio.ejemplo.edu.ar | G10: Física-Química | H10: 2°A (Mañana)
A11: PR-10 | B11: Flores | C11: Verónica | D11: 32321531 | E11: 11-4235-4788 | F11: verónica.flores@colegio.ejemplo.edu.ar | G11: Formación Ética y Ciudadana | H11: 2°A (Mañana)
A12: PR-11 | B12: Acosta | C12: Sebastián | D12: 36426265 | E12: 11-4251-4505 | F12: sebastián.acosta@colegio.ejemplo.edu.ar | G12: Tecnología | H12: 3°A (Tarde)

Sheet Plan_Materias
A1: Año | B1: División | C1: Turno | D1: Materia | E1: ID_Profesor | F1: Profesor_Asignado | G1: Cant._Alumnos_del_Curso
A2: 1 | B2: A | C2: Mañana | D2: Lengua y Literatura | E2: PR-01 | F2: =IFERROR(INDEX(Profesores!$B$2:$B$12,MATCH($E2,Profesores!$A$2:$A$12,0))&" "&INDEX(Profesores!$C$2:$C$12,MATCH($E2,Profesores!$A$2:$A$12,0)),"") -> Gómez Laura | G2: =COUNTIFS(Alumnos!$F$2:$F$31,$A2,Alumnos!$G$2:$G$31,$B2) -> 10
A3: 1 | B3: A | C3: Mañana | D3: Matemática | E3: PR-02 | F3: =IFERROR(INDEX(Profesores!$B$2:$B$12,MATCH($E3,Profesores!$A$2:$A$12,0))&" "&INDEX(Profesores!$C$2:$C$12,MATCH($E3,Profesores!$A$2:$A$12,0)),"") -> Fernández Marcelo | G3: =COUNTIFS(Alumnos!$F$2:$F$31,$A3,Alumnos!$G$2:$G$31,$B3) -> 10
A4: 1 | B4: A | C4: Mañana | D4: Historia | E4: PR-03 | F4: =IFERROR(INDEX(Profesores!$B$2:$B$12,MATCH($E4,Profesores!$A$2:$A$12,0))&" "&INDEX(Profesores!$C$2:$C$12,MATCH($E4,Profesores!$A$2:$A$12,0)),"") -> Rodríguez Ana | G4: =COUNTIFS(Alumnos!$F$2:$F$31,$A4,Alumnos!$G$2:$G$31,$B4) -> 10
A5: 1 | B5: A | C5: Mañana | D5: Geografía | E5: PR-04 | F5: =IFERROR(INDEX(Profesores!$B$2:$B$12,MATCH($E5,Profesores!$A$2:$A$12,0))&" "&INDEX(Profesores!$C$2:$C$12,MATCH($E5,Profesores!$A$2:$A$12,0)),"") -> Pérez Diego | G5: =COUNTIFS(Alumnos!$F$2:$F$31,$A5,Alumnos!$G$2:$G$31,$B5) -> 10
A6: 1 | B6: A | C6: Mañana | D6: Biología | E6: PR-05 | F6: =IFERROR(INDEX(Profesores!$B$2:$B$12,MATCH($E6,Profesores!$A$2:$A$12,0))&" "&INDEX(Profesores!$C$2:$C$12,MATCH($E6,Profesores!$A$2:$A$12,0)),"") -> López Carla | G6: =COUNTIFS(Alumnos!$F$2:$F$31,$A6,Alumnos!$G$2:$G$31,$B6) -> 10
A7: 1 | B7: A | C7: Mañana | D7: Inglés | E7: PR-06 | F7: =IFERROR(INDEX(Profesores!$B$2:$B$12,MATCH($E7,Profesores!$A$2:$A$12,0))&" "&INDEX(Profesores!$C$2:$C$12,MATCH($E7,Profesores!$A$2:$A$12,0)),"") -> Martínez Julián | G7: =COUNTIFS(Alumnos!$F$2:$F$31,$A7,Alumnos!$G$2:$G$31,$B7) -> 10
A8: 1 | B8: A | C8: Mañana | D8: Educación Física | E8: PR-07 | F8: =IFERROR(INDEX(Profesores!$B$2:$B$12,MATCH($E8,Profesores!$A$2:$A$12,0))&" "&INDEX(Profesores!$C$2:$C$12,MATCH($E8,Profesores!$A$2:$A$12,0)),"") -> Sánchez Pablo | G8: =COUNTIFS(Alumnos!$F$2:$F$31,$A8,Alumnos!$G$2:$G$31,$B8) -> 10
A9: 1 | B9: A | C9: Mañana | D9: Educación Artística | E9: PR-08 | F9: =IFERROR(INDEX(Profesores!$B$2:$B$12,MATCH($E9,Profesores!$A$2:$A$12,0))&" "&INDEX(Profesores!$C$2:$C$12,MATCH($E9,Profesores!$A$2:$A$12,0)),"") -> Torres Marina | G9: =COUNTIFS(Alumnos!$F$2:$F$31,$A9,Alumnos!$G$2:$G$31,$B9) -> 10
A10: 2 | B10: A | C10: Mañana | D10: Lengua y Literatura | E10: PR-01 | F10: =IFERROR(INDEX(Profesores!$B$2:$B$12,MATCH($E10,Profesores!$A$2:$A$12,0))&" "&INDEX(Profesores!$C$2:$C$12,MATCH($E10,Profesores!$A$2:$A$12,0)),"") -> Gómez Laura | G10: =COUNTIFS(Alumnos!$F$2:$F$31,$A10,Alumnos!$G$2:$G$31,$B10) -> 10
A11: 2 | B11: A | C11: Mañana | D11: Matemática | E11: PR-02 | F11: =IFERROR(INDEX(Profesores!$B$2:$B$12,MATCH($E11,Profesores!$A$2:$A$12,0))&" "&INDEX(Profesores!$C$2:$C$12,MATCH($E11,Profesores!$A$2:$A$12,0)),"") -> Fernández Marcelo | G11: =COUNTIFS(Alumnos!$F$2:$F$31,$A11,Alumnos!$G$2:$G$31,$B11) -> 10
A12: 2 | B12: A | C12: Mañana | D12: Historia | E12: PR-03 | F12: =IFERROR(INDEX(Profesores!$B$2:$B$12,MATCH($E12,Profesores!$A$2:$A$12,0))&" "&INDEX(Profesores!$C$2:$C$12,MATCH($E12,Profesores!$A$2:$A$12,0)),"") -> Rodríguez Ana | G12: =COUNTIFS(Alumnos!$F$2:$F$31,$A12,Alumnos!$G$2:$G$31,$B12) -> 10
A13: 2 | B13: A | C13: Mañana | D13: Geografía | E13: PR-04 | F13: =IFERROR(INDEX(Profesores!$B$2:$B$12,MATCH($E13,Profesores!$A$2:$A$12,0))&" "&INDEX(Profesores!$C$2:$C$12,MATCH($E13,Profesores!$A$2:$A$12,0)),"") -> Pérez Diego | G13: =COUNTIFS(Alumnos!$F$2:$F$31,$A13,Alumnos!$G$2:$G$31,$B13) -> 10
... A25: 3 | B25: A | C25: Tarde | D25: Tecnología | E25: PR-11 | F25: =IFERROR(INDEX(Profesores!$B$2:$B$12,MATCH($E25,Profesores!$A$2:$A$12,0))&" "&INDEX(Profesores!$C$2:$C$12,MATCH($E25,Profesores!$A$2:$A$12,0)),"") -> Acosta Sebastián | G25: =COUNTIFS(Alumnos!$F$2:$F$31,$A25,Alumnos!$G$2:$G$31,$B25) -> 10

Sheet Notas
A1: ID_Alumno | B1: Alumno | C1: Año | D1: División | E1: Materia | F1: ID_Profesor | G1: Profesor | H1: Nota_1er_Trim. | I1: Nota_2do_Trim. | J1: Nota_3er_Trim. | K1: Promedio | L1: Condición | M1: Observación
A2: AL-001 | B2: =IFERROR(INDEX(Alumnos!$B$2:$B$31,MATCH($A2,Alumnos!$A$2:$A$31,0))&", "&INDEX(Alumnos!$C$2:$C$31,MATCH($A2,Alumnos!$A$2:$A$31,0)),"") -> Ortiz, María | C2: 1 | D2: A | E2: Lengua y Literatura | F2: PR-01 | G2: =IFERROR(INDEX(Profesores!$B$2:$B$12,MATCH($F2,Profesores!$A$2:$A$12,0))&" "&INDEX(Profesores!$C$2:$C$12,MATCH($F2,Profesores!$A$2:$A$12,0)),"") -> Gómez Laura | H2: 4 | I2: 7 | J2: 7 | K2: =IFERROR(AVERAGE($H2:$J2),"") -> 6 | L2: =IF($K2="","",IF($K2>=6,"Aprobado","Desaprobado")) -> Aprobado | M2: Buena participación en clase
A3: AL-002 | B3: =IFERROR(INDEX(Alumnos!$B$2:$B$31,MATCH($A3,Alumnos!$A$2:$A$31,0))&", "&INDEX(Alumnos!$C$2:$C$31,MATCH($A3,Alumnos!$A$2:$A$31,0)),"") -> Herrera, Delfina | C3: 1 | D3: A | E3: Lengua y Literatura | F3: PR-01 | G3: =IFERROR(INDEX(Profesores!$B$2:$B$12,MATCH($F3,Profesores!$A$2:$A$12,0))&" "&INDEX(Profesores!$C$2:$C$12,MATCH($F3,Profesores!$A$2:$A$12,0)),"") -> Gómez Laura | H3: 8 | I3: 7 | J3: 7 | K3: =IFERROR(AVERAGE($H3:$J3),"") -> 7.3333333 | L3: =IF($K3="","",IF($K3>=6,"Aprobado","Desaprobado")) -> Aprobado
A4: AL-003 | B4: =IFERROR(INDEX(Alumnos!$B$2:$B$31,MATCH($A4,Alumnos!$A$2:$A$31,0))&", "&INDEX(Alumnos!$C$2:$C$31,MATCH($A4,Alumnos!$A$2:$A$31,0)),"") -> Vega, Joaquín | C4: 1 | D4: A | E4: Lengua y Literatura | F4: PR-01 | G4: =IFERROR(INDEX(Profesores!$B$2:$B$12,MATCH($F4,Profesores!$A$2:$A$12,0))&" "&INDEX(Profesores!$C$2:$C$12,MATCH($F4,Profesores!$A$2:$A$12,0)),"") -> Gómez Laura | H4: 5 | I4: 10 | J4: 7 | K4: =IFERROR(AVERAGE($H4:$J4),"") -> 7.3333333 | L4: =IF($K4="","",IF($K4>=6,"Aprobado","Desaprobado")) -> Aprobado | M4: Entrega tarde los trabajos
A5: AL-004 | B5: =IFERROR(INDEX(Alumnos!$B$2:$B$31,MATCH($A5,Alumnos!$A$2:$A$31,0))&", "&INDEX(Alumnos!$C$2:$C$31,MATCH($A5,Alumnos!$A$2:$A$31,0)),"") -> Silva, Tomás | C5: 1 | D5: A | E5: Lengua y Literatura | F5: PR-01 | G5: =IFERROR(INDEX(Profesores!$B$2:$B$12,MATCH($F5,Profesores!$A$2:$A$12,0))&" "&INDEX(Profesores!$C$2:$C$12,MATCH($F5,Profesores!$A$2:$A$12,0)),"") -> Gómez Laura | H5: 10 | I5: 8 | J5: 9 | K5: =IFERROR(AVERAGE($H5:$J5),"") -> 9 | L5: =IF($K5="","",IF($K5>=6,"Aprobado","Desaprobado")) -> Aprobado
A6: AL-005 | B6: =IFERROR(INDEX(Alumnos!$B$2:$B$31,MATCH($A6,Alumnos!$A$2:$A$31,0))&", "&INDEX(Alumnos!$C$2:$C$31,MATCH($A6,Alumnos!$A$2:$A$31,0)),"") -> Sánchez, Franco | C6: 1 | D6: A | E6: Lengua y Literatura | F6: PR-01 | G6: =IFERROR(INDEX(Profesores!$B$2:$B$12,MATCH($F6,Profesores!$A$2:$A$12,0))&" "&INDEX(Profesores!$C$2:$C$12,MATCH($F6,Profesores!$A$2:$A$12,0)),"") -> Gómez Laura | H6: 10 | I6: 10 | J6: 8 | K6: =IFERROR(AVERAGE($H6:$J6),"") -> 9.3333333 | L6: =IF($K6="","",IF($K6>=6,"Aprobado","Desaprobado")) -> Aprobado | M6: Entrega tarde los trabajos
A7: AL-006 | B7: =IFERROR(INDEX(Alumnos!$B$2:$B$31,MATCH($A7,Alumnos!$A$2:$A$31,0))&", "&INDEX(Alumnos!$C$2:$C$31,MATCH($A7,Alumnos!$A$2:$A$31,0)),"") -> Luna, Iván | C7: 1 | D7: A | E7: Lengua y Literatura | F7: PR-01 | G7: =IFERROR(INDEX(Profesores!$B$2:$B$12,MATCH($F7,Profesores!$A$2:$A$12,0))&" "&INDEX(Profesores!$C$2:$C$12,MATCH($F7,Profesores!$A$2:$A$12,0)),"") -> Gómez Laura | H7: 7 | I7: 4 | J7: 6 | K7: =IFERROR(AVERAGE($H7:$J7),"") -> 5.6666667 | L7: =IF($K7="","",IF($K7>=6,"Aprobado","Desaprobado")) -> Desaprobado | M7: Necesita repasar contenidos previos
A8: AL-007 | B8: =IFERROR(INDEX(Alumnos!$B$2:$B$31,MATCH($A8,Alumnos!$A$2:$A$31,0))&", "&INDEX(Alumnos!$C$2:$C$31,MATCH($A8,Alumnos!$A$2:$A$31,0)),"") -> Medina, Valentina | C8: 1 | D8: A | E8: Lengua y Literatura | F8: PR-01 | G8: =IFERROR(INDEX(Profesores!$B$2:$B$12,MATCH($F8,Profesores!$A$2:$A$12,0))&" "&INDEX(Profesores!$C$2:$C$12,MATCH($F8,Profesores!$A$2:$A$12,0)),"") -> Gómez Laura | H8: 10 | I8: 7 | J8: 10 | K8: =IFERROR(AVERAGE($H8:$J8),"") -> 9 | L8: =IF($K8="","",IF($K8>=6,"Aprobado","Desaprobado")) -> Aprobado | M8: Entrega tarde los trabajos
A9: AL-008 | B9: =IFERROR(INDEX(Alumnos!$B$2:$B$31,MATCH($A9,Alumnos!$A$2:$A$31,0))&", "&INDEX(Alumnos!$C$2:$C$31,MATCH($A9,Alumnos!$A$2:$A$31,0)),"") -> Rojas, María | C9: 1 | D9: A | E9: Lengua y Literatura | F9: PR-01 | G9: =IFERROR(INDEX(Profesores!$B$2:$B$12,MATCH($F9,Profesores!$A$2:$A$12,0))&" "&INDEX(Profesores!$C$2:$C$12,MATCH($F9,Profesores!$A$2:$A$12,0)),"") -> Gómez Laura | H9: 8 | I9: 9 | J9: 9 | K9: =IFERROR(AVERAGE($H9:$J9),"") -> 8.6666667 | L9: =IF($K9="","",IF($K9>=6,"Aprobado","Desaprobado")) -> Aprobado | M9: Recomendado apoyo escolar
A10: AL-009 | B10: =IFERROR(INDEX(Alumnos!$B$2:$B$31,MATCH($A10,Alumnos!$A$2:$A$31,0))&", "&INDEX(Alumnos!$C$2:$C$31,MATCH($A10,Alumnos!$A$2:$A$31,0)),"") -> Cabrera, Sofía | C10: 1 | D10: A | E10: Lengua y Literatura | F10: PR-01 | G10: =IFERROR(INDEX(Profesores!$B$2:$B$12,MATCH($F10,Profesores!$A$2:$A$12,0))&" "&INDEX(Profesores!$C$2:$C$12,MATCH($F10,Profesores!$A$2:$A$12,0)),"") -> Gómez Laura | H10: 10 | I10: 8 | J10: 5 | K10: =IFERROR(AVERAGE($H10:$J10),"") -> 7.6666667 | L10: =IF($K10="","",IF($K10>=6,"Aprobado","Desaprobado")) -> Aprobado | M10: Excelente evolución
A11: AL-010 | B11: =IFERROR(INDEX(Alumnos!$B$2:$B$31,MATCH($A11,Alumnos!$A$2:$A$31,0))&", "&INDEX(Alumnos!$C$2:$C$31,MATCH($A11,Alumnos!$A$2:$A$31,0)),"") -> Núñez, Renata | C11: 1 | D11: A | E11: Lengua y Literatura | F11: PR-01 | G11: =IFERROR(INDEX(Profesores!$B$2:$B$12,MATCH($F11,Profesores!$A$2:$A$12,0))&" "&INDEX(Profesores!$C$2:$C$12,MATCH($F11,Profesores!$A$2:$A$12,0)),"") -> Gómez Laura | H11: 5 | I11: 6 | J11: 7 | K11: =IFERROR(AVERAGE($H11:$J11),"") -> 6 | L11: =IF($K11="","",IF($K11>=6,"Aprobado","Desaprobado")) -> Aprobado | M11: Excelente evolución
A12: AL-001 | B12: =IFERROR(INDEX(Alumnos!$B$2:$B$31,MATCH($A12,Alumnos!$A$2:$A$31,0))&", "&INDEX(Alumnos!$C$2:$C$31,MATCH($A12,Alumnos!$A$2:$A$31,0)),"") -> Ortiz, María | C12: 1 | D12: A | E12: Matemática | F12: PR-02 | G12: =IFERROR(INDEX(Profesores!$B$2:$B$12,MATCH($F12,Profesores!$A$2:$A$12,0))&" "&INDEX(Profesores!$C$2:$C$12,MATCH($F12,Profesores!$A$2:$A$12,0)),"") -> Fernández Marcelo | H12: 4 | I12: 7 | J12: 6 | K12: =IFERROR(AVERAGE($H12:$J12),"") -> 5.6666667 | L12: =IF($K12="","",IF($K12>=6,"Aprobado","Desaprobado")) -> Desaprobado | M12: Entrega tarde los trabajos
A13: AL-002 | B13: =IFERROR(INDEX(Alumnos!$B$2:$B$31,MATCH($A13,Alumnos!$A$2:$A$31,0))&", "&INDEX(Alumnos!$C$2:$C$31,MATCH($A13,Alumnos!$A$2:$A$31,0)),"") -> Herrera, Delfina | C13: 1 | D13: A | E13: Matemática | F13: PR-02 | G13: =IFERROR(INDEX(Profesores!$B$2:$B$12,MATCH($F13,Profesores!$A$2:$A$12,0))&" "&INDEX(Profesores!$C$2:$C$12,MATCH($F13,Profesores!$A$2:$A$12,0)),"") -> Fernández Marcelo | H13: 9 | I13: 5 | J13: 10 | K13: =IFERROR(AVERAGE($H13:$J13),"") -> 8 | L13: =IF($K13="","",IF($K13>=6,"Aprobado","Desaprobado")) -> Aprobado | M13: Excelente evolución
A14: AL-003 | B14: =IFERROR(INDEX(Alumnos!$B$2:$B$31,MATCH($A14,Alumnos!$A$2:$A$31,0))&", "&INDEX(Alumnos!$C$2:$C$31,MATCH($A14,Alumnos!$A$2:$A$31,0)),"") -> Vega, Joaquín | C14: 1 | D14: A | E14: Matemática | F14: PR-02 | G14: =IFERROR(INDEX(Profesores!$B$2:$B$12,MATCH($F14,Profesores!$A$2:$A$12,0))&" "&INDEX(Profesores!$C$2:$C$12,MATCH($F14,Profesores!$A$2:$A$12,0)),"") -> Fernández Marcelo | H14: 5 | I14: 8 | J14: 8 | K14: =IFERROR(AVERAGE($H14:$J14),"") -> 7 | L14: =IF($K14="","",IF($K14>=6,"Aprobado","Desaprobado")) -> Aprobado
A15: AL-004 | B15: =IFERROR(INDEX(Alumnos!$B$2:$B$31,MATCH($A15,Alumnos!$A$2:$A$31,0))&", "&INDEX(Alumnos!$C$2:$C$31,MATCH($A15,Alumnos!$A$2:$A$31,0)),"") -> Silva, Tomás | C15: 1 | D15: A | E15: Matemática | F15: PR-02 | G15: =IFERROR(INDEX(Profesores!$B$2:$B$12,MATCH($F15,Profesores!$A$2:$A$12,0))&" "&INDEX(Profesores!$C$2:$C$12,MATCH($F15,Profesores!$A$2:$A$12,0)),"") -> Fernández Marcelo | H15: 7 | I15: 8 | J15: 8 | K15: =IFERROR(AVERAGE($H15:$J15),"") -> 7.6666667 | L15: =IF($K15="","",IF($K15>=6,"Aprobado","Desaprobado")) -> Aprobado
A16: AL-005 | B16: =IFERROR(INDEX(Alumnos!$B$2:$B$31,MATCH($A16,Alumnos!$A$2:$A$31,0))&", "&INDEX(Alumnos!$C$2:$C$31,MATCH($A16,Alumnos!$A$2:$A$31,0)),"") -> Sánchez, Franco | C16: 1 | D16: A | E16: Matemática | F16: PR-02 | G16: =IFERROR(INDEX(Profesores!$B$2:$B$12,MATCH($F16,Profesores!$A$2:$A$12,0))&" "&INDEX(Profesores!$C$2:$C$12,MATCH($F16,Profesores!$A$2:$A$12,0)),"") -> Fernández Marcelo | H16: 4 | I16: 9 | J16: 7 | K16: =IFERROR(AVERAGE($H16:$J16),"") -> 6.6666667 | L16: =IF($K16="","",IF($K16>=6,"Aprobado","Desaprobado")) -> Aprobado
A17: AL-006 | B17: =IFERROR(INDEX(Alumnos!$B$2:$B$31,MATCH($A17,Alumnos!$A$2:$A$31,0))&", "&INDEX(Alumnos!$C$2:$C$31,MATCH($A17,Alumnos!$A$2:$A$31,0)),"") -> Luna, Iván | C17: 1 | D17: A | E17: Matemática | F17: PR-02 | G17: =IFERROR(INDEX(Profesores!$B$2:$B$12,MATCH($F17,Profesores!$A$2:$A$12,0))&" "&INDEX(Profesores!$C$2:$C$12,MATCH($F17,Profesores!$A$2:$A$12,0)),"") -> Fernández Marcelo | H17: 10 | I17: 7 | J17: 5 | K17: =IFERROR(AVERAGE($H17:$J17),"") -> 7.3333333 | L17: =IF($K17="","",IF($K17>=6,"Aprobado","Desaprobado")) -> Aprobado
A18: AL-007 | B18: =IFERROR(INDEX(Alumnos!$B$2:$B$31,MATCH($A18,Alumnos!$A$2:$A$31,0))&", "&INDEX(Alumnos!$C$2:$C$31,MATCH($A18,Alumnos!$A$2:$A$31,0)),"") -> Medina, Valentina | C18: 1 | D18: A | E18: Matemática | F18: PR-02 | G18: =IFERROR(INDEX(Profesores!$B$2:$B$12,MATCH($F18,Profesores!$A$2:$A$12,0))&" "&INDEX(Profesores!$C$2:$C$12,MATCH($F18,Profesores!$A$2:$A$12,0)),"") -> Fernández Marcelo | H18: 6 | I18: 7 | J18: 6 | K18: =IFERROR(AVERAGE($H18:$J18),"") -> 6.3333333 | L18: =IF($K18="","",IF($K18>=6,"Aprobado","Desaprobado")) -> Aprobado | M18: Muy buen desempeño
A19: AL-008 | B19: =IFERROR(INDEX(Alumnos!$B$2:$B$31,MATCH($A19,Alumnos!$A$2:$A$31,0))&", "&INDEX(Alumnos!$C$2:$C$31,MATCH($A19,Alumnos!$A$2:$A$31,0)),"") -> Rojas, María | C19: 1 | D19: A | E19: Matemática | F19: PR-02 | G19: =IFERROR(INDEX(Profesores!$B$2:$B$12,MATCH($F19,Profesores!$A$2:$A$12,0))&" "&INDEX(Profesores!$C$2:$C$12,MATCH($F19,Profesores!$A$2:$A$12,0)),"") -> Fernández Marcelo | H19: 7 | I19: 6 | J19: 6 | K19: =IFERROR(AVERAGE($H19:$J19),"") -> 6.3333333 | L19: =IF($K19="","",IF($K19>=6,"Aprobado","Desaprobado")) -> Aprobado | M19: Entrega tarde los trabajos
A20: AL-009 | B20: =IFERROR(INDEX(Alumnos!$B$2:$B$31,MATCH($A20,Alumnos!$A$2:$A$31,0))&", "&INDEX(Alumnos!$C$2:$C$31,MATCH($A20,Alumnos!$A$2:$A$31,0)),"") -> Cabrera, Sofía | C20: 1 | D20: A | E20: Matemática | F20: PR-02 | G20: =IFERROR(INDEX(Profesores!$B$2:$B$12,MATCH($F20,Profesores!$A$2:$A$12,0))&" "&INDEX(Profesores!$C$2:$C$12,MATCH($F20,Profesores!$A$2:$A$12,0)),"") -> Fernández Marcelo | H20: 6 | I20: 10 | J20: 10 | K20: =IFERROR(AVERAGE($H20:$J20),"") -> 8.6666667 | L20: =IF($K20="","",IF($K20>=6,"Aprobado","Desaprobado")) -> Aprobado | M20: Entrega tarde los trabajos
A21: AL-010 | B21: =IFERROR(INDEX(Alumnos!$B$2:$B$31,MATCH($A21,Alumnos!$A$2:$A$31,0))&", "&INDEX(Alumnos!$C$2:$C$31,MATCH($A21,Alumnos!$A$2:$A$31,0)),"") -> Núñez, Renata | C21: 1 | D21: A | E21: Matemática | F21: PR-02 | G21: =IFERROR(INDEX(Profesores!$B$2:$B$12,MATCH($F21,Profesores!$A$2:$A$12,0))&" "&INDEX(Profesores!$C$2:$C$12,MATCH($F21,Profesores!$A$2:$A$12,0)),"") -> Fernández Marcelo | H21: 6 | I21: 10 | J21: 4 | K21: =IFERROR(AVERAGE($H21:$J21),"") -> 6.6666667 | L21: =IF($K21="","",IF($K21>=6,"Aprobado","Desaprobado")) -> Aprobado | M21: Excelente evolución
A22: AL-001 | B22: =IFERROR(INDEX(Alumnos!$B$2:$B$31,MATCH($A22,Alumnos!$A$2:$A$31,0))&", "&INDEX(Alumnos!$C$2:$C$31,MATCH($A22,Alumnos!$A$2:$A$31,0)),"") -> Ortiz, María | C22: 1 | D22: A | E22: Historia | F22: PR-03 | G22: =IFERROR(INDEX(Profesores!$B$2:$B$12,MATCH($F22,Profesores!$A$2:$A$12,0))&" "&INDEX(Profesores!$C$2:$C$12,MATCH($F22,Profesores!$A$2:$A$12,0)),"") -> Rodríguez Ana | H22: 4 | I22: 9 | J22: 8 | K22: =IFERROR(AVERAGE($H22:$J22),"") -> 7 | L22: =IF($K22="","",IF($K22>=6,"Aprobado","Desaprobado")) -> Aprobado
A23: AL-002 | B23: =IFERROR(INDEX(Alumnos!$B$2:$B$31,MATCH($A23,Alumnos!$A$2:$A$31,0))&", "&INDEX(Alumnos!$C$2:$C$31,MATCH($A23,Alumnos!$A$2:$A$31,0)),"") -> Herrera, Delfina | C23: 1 | D23: A | E23: Historia | F23: PR-03 | G23: =IFERROR(INDEX(Profesores!$B$2:$B$12,MATCH($F23,Profesores!$A$2:$A$12,0))&" "&INDEX(Profesores!$C$2:$C$12,MATCH($F23,Profesores!$A$2:$A$12,0)),"") -> Rodríguez Ana | H23: 6 | I23: 5 | J23: 9 | K23: =IFERROR(AVERAGE($H23:$J23),"") -> 6.6666667 | L23: =IF($K23="","",IF($K23>=6,"Aprobado","Desaprobado")) -> Aprobado
A24: AL-003 | B24: =IFERROR(INDEX(Alumnos!$B$2:$B$31,MATCH($A24,Alumnos!$A$2:$A$31,0))&", "&INDEX(Alumnos!$C$2:$C$31,MATCH($A24,Alumnos!$A$2:$A$31,0)),"") -> Vega, Joaquín | C24: 1 | D24: A | E24: Historia | F24: PR-03 | G24: =IFERROR(INDEX(Profesores!$B$2:$B$12,MATCH($F24,Profesores!$A$2:$A$12,0))&" "&INDEX(Profesores!$C$2:$C$12,MATCH($F24,Profesores!$A$2:$A$12,0)),"") -> Rodríguez Ana | H24: 10 | I24: 9 | J24: 4 | K24: =IFERROR(AVERAGE($H24:$J24),"") -> 7.6666667 | L24: =IF($K24="","",IF($K24>=6,"Aprobado","Desaprobado")) -> Aprobado
A25: AL-004 | B25: =IFERROR(INDEX(Alumnos!$B$2:$B$31,MATCH($A25,Alumnos!$A$2:$A$31,0))&", "&INDEX(Alumnos!$C$2:$C$31,MATCH($A25,Alumnos!$A$2:$A$31,0)),"") -> Silva, Tomás | C25: 1 | D25: A | E25: Historia | F25: PR-03 | G25: =IFERROR(INDEX(Profesores!$B$2:$B$12,MATCH($F25,Profesores!$A$2:$A$12,0))&" "&INDEX(Profesores!$C$2:$C$12,MATCH($F25,Profesores!$A$2:$A$12,0)),"") -> Rodríguez Ana | H25: 5 | I25: 5 | J25: 10 | K25: =IFERROR(AVERAGE($H25:$J25),"") -> 6.6666667 | L25: =IF($K25="","",IF($K25>=6,"Aprobado","Desaprobado")) -> Aprobado
A26: AL-005 | B26: =IFERROR(INDEX(Alumnos!$B$2:$B$31,MATCH($A26,Alumnos!$A$2:$A$31,0))&", "&INDEX(Alumnos!$C$2:$C$31,MATCH($A26,Alumnos!$A$2:$A$31,0)),"") -> Sánchez, Franco | C26: 1 | D26: A | E26: Historia | F26: PR-03 | G26: =IFERROR(INDEX(Profesores!$B$2:$B$12,MATCH($F26,Profesores!$A$2:$A$12,0))&" "&INDEX(Profesores!$C$2:$C$12,MATCH($F26,Profesores!$A$2:$A$12,0)),"") -> Rodríguez Ana | H26: 8 | I26: 5 | J26: 5 | K26: =IFERROR(AVERAGE($H26:$J26),"") -> 6 | L26: =IF($K26="","",IF($K26>=6,"Aprobado","Desaprobado")) -> Aprobado
A27: AL-006 | B27: =IFERROR(INDEX(Alumnos!$B$2:$B$31,MATCH($A27,Alumnos!$A$2:$A$31,0))&", "&INDEX(Alumnos!$C$2:$C$31,MATCH($A27,Alumnos!$A$2:$A$31,0)),"") -> Luna, Iván | C27: 1 | D27: A | E27: Historia | F27: PR-03 | G27: =IFERROR(INDEX(Profesores!$B$2:$B$12,MATCH($F27,Profesores!$A$2:$A$12,0))&" "&INDEX(Profesores!$C$2:$C$12,MATCH($F27,Profesores!$A$2:$A$12,0)),"") -> Rodríguez Ana | H27: 7 | I27: 9 | J27: 4 | K27: =IFERROR(AVERAGE($H27:$J27),"") -> 6.6666667 | L27: =IF($K27="","",IF($K27>=6,"Aprobado","Desaprobado")) -> Aprobado | M27: Cumple con lo solicitado
A28: AL-007 | B28: =IFERROR(INDEX(Alumnos!$B$2:$B$31,MATCH($A28,Alumnos!$A$2:$A$31,0))&", "&INDEX(Alumnos!$C$2:$C$31,MATCH($A28,Alumnos!$A$2:$A$31,0)),"") -> Medina, Valentina | C28: 1 | D28: A | E28: Historia | F28: PR-03 | G28: =IFERROR(INDEX(Profesores!$B$2:$B$12,MATCH($F28,Profesores!$A$2:$A$12,0))&" "&INDEX(Profesores!$C$2:$C$12,MATCH($F28,Profesores!$A$2:$A$12,0)),"") -> Rodríguez Ana | H28: 5 | I28: 7 | J28: 9 | K28: =IFERROR(AVERAGE($H28:$J28),"") -> 7 | L28: =IF($K28="","",IF($K28>=6,"Aprobado","Desaprobado")) -> Aprobado | M28: Necesita repasar contenidos previos
A29: AL-008 | B29: =IFERROR(INDEX(Alumnos!$B$2:$B$31,MATCH($A29,Alumnos!$A$2:$A$31,0))&", "&INDEX(Alumnos!$C$2:$C$31,MATCH($A29,Alumnos!$A$2:$A$31,0)),"") -> Rojas, María | C29: 1 | D29: A | E29: Historia | F29: PR-03 | G29: =IFERROR(INDEX(Profesores!$B$2:$B$12,MATCH($F29,Profesores!$A$2:$A$12,0))&" "&INDEX(Profesores!$C$2:$C$12,MATCH($F29,Profesores!$A$2:$A$12,0)),"") -> Rodríguez Ana | H29: 10 | I29: 6 | J29: 5 | K29: =IFERROR(AVERAGE($H29:$J29),"") -> 7 | L29: =IF($K29="","",IF($K29>=6,"Aprobado","Desaprobado")) -> Aprobado | M29: Cumple con lo solicitado
A30: AL-009 | B30: =IFERROR(INDEX(Alumnos!$B$2:$B$31,MATCH($A30,Alumnos!$A$2:$A$31,0))&", "&INDEX(Alumnos!$C$2:$C$31,MATCH($A30,Alumnos!$A$2:$A$31,0)),"") -> Cabrera, Sofía | C30: 1 | D30: A | E30: Historia | F30: PR-03 | G30: =IFERROR(INDEX(Profesores!$B$2:$B$12,MATCH($F30,Profesores!$A$2:$A$12,0))&" "&INDEX(Profesores!$C$2:$C$12,MATCH($F30,Profesores!$A$2:$A$12,0)),"") -> Rodríguez Ana | H30: 8 | I30: 9 | J30: 9 | K30: =IFERROR(AVERAGE($H30:$J30),"") -> 8.6666667 | L30: =IF($K30="","",IF($K30>=6,"Aprobado","Desaprobado")) -> Aprobado
A31: AL-010 | B31: =IFERROR(INDEX(Alumnos!$B$2:$B$31,MATCH($A31,Alumnos!$A$2:$A$31,0))&", "&INDEX(Alumnos!$C$2:$C$31,MATCH($A31,Alumnos!$A$2:$A$31,0)),"") -> Núñez, Renata | C31: 1 | D31: A | E31: Historia | F31: PR-03 | G31: =IFERROR(INDEX(Profesores!$B$2:$B$12,MATCH($F31,Profesores!$A$2:$A$12,0))&" "&INDEX(Profesores!$C$2:$C$12,MATCH($F31,Profesores!$A$2:$A$12,0)),"") -> Rodríguez Ana | H31: 10 | I31: 10 | J31: 5 | K31: =IFERROR(AVERAGE($H31:$J31),"") -> 8.3333333 | L31: =IF($K31="","",IF($K31>=6,"Aprobado","Desaprobado")) -> Aprobado | M31: Necesita repasar contenidos previos
A32: AL-001 | B32: =IFERROR(INDEX(Alumnos!$B$2:$B$31,MATCH($A32,Alumnos!$A$2:$A$31,0))&", "&INDEX(Alumnos!$C$2:$C$31,MATCH($A32,Alumnos!$A$2:$A$31,0)),"") -> Ortiz, María | C32: 1 | D32: A | E32: Geografía | F32: PR-04 | G32: =IFERROR(INDEX(Profesores!$B$2:$B$12,MATCH($F32,Profesores!$A$2:$A$12,0))&" "&INDEX(Profesores!$C$2:$C$12,MATCH($F32,Profesores!$A$2:$A$12,0)),"") -> Pérez Diego | H32: 4 | I32: 8 | J32: 4 | K32: =IFERROR(AVERAGE($H32:$J32),"") -> 5.3333333 | L32: =IF($K32="","",IF($K32>=6,"Aprobado","Desaprobado")) -> Desaprobado | M32: Necesita repasar contenidos previos
A33: AL-002 | B33: =IFERROR(INDEX(Alumnos!$B$2:$B$31,MATCH($A33,Alumnos!$A$2:$A$31,0))&", "&INDEX(Alumnos!$C$2:$C$31,MATCH($A33,Alumnos!$A$2:$A$31,0)),"") -> Herrera, Delfina | C33: 1 | D33: A | E33: Geografía | F33: PR-04 | G33: =IFERROR(INDEX(Profesores!$B$2:$B$12,MATCH($F33,Profesores!$A$2:$A$12,0))&" "&INDEX(Profesores!$C$2:$C$12,MATCH($F33,Profesores!$A$2:$A$12,0)),"") -> Pérez Diego | H33: 8 | I33: 9 | J33: 7 | K33: =IFERROR(AVERAGE($H33:$J33),"") -> 8 | L33: =IF($K33="","",IF($K33>=6,"Aprobado","Desaprobado")) -> Aprobado | M33: Entrega tarde los trabajos
A34: AL-003 | B34: =IFERROR(INDEX(Alumnos!$B$2:$B$31,MATCH($A34,Alumnos!$A$2:$A$31,0))&", "&INDEX(Alumnos!$C$2:$C$31,MATCH($A34,Alumnos!$A$2:$A$31,0)),"") -> Vega, Joaquín | C34: 1 | D34: A | E34: Geografía | F34: PR-04 | G34: =IFERROR(INDEX(Profesores!$B$2:$B$12,MATCH($F34,Profesores!$A$2:$A$12,0))&" "&INDEX(Profesores!$C$2:$C$12,MATCH($F34,Profesores!$A$2:$A$12,0)),"") -> Pérez Diego | H34: 9 | I34: 5 | J34: 4 | K34: =IFERROR(AVERAGE($H34:$J34),"") -> 6 | L34: =IF($K34="","",IF($K34>=6,"Aprobado","Desaprobado")) -> Aprobado | M34: Cumple con lo solicitado
A35: AL-004 | B35: =IFERROR(INDEX(Alumnos!$B$2:$B$31,MATCH($A35,Alumnos!$A$2:$A$31,0))&", "&INDEX(Alumnos!$C$2:$C$31,MATCH($A35,Alumnos!$A$2:$A$31,0)),"") -> Silva, Tomás | C35: 1 | D35: A | E35: Geografía | F35: PR-04 | G35: =IFERROR(INDEX(Profesores!$B$2:$B$12,MATCH($F35,Profesores!$A$2:$A$12,0))&" "&INDEX(Profesores!$C$2:$C$12,MATCH($F35,Profesores!$A$2:$A$12,0)),"") -> Pérez Diego | H35: 9 | I35: 10 | J35: 9 | K35: =IFERROR(AVERAGE($H35:$J35),"") -> 9.3333333 | L35: =IF($K35="","",IF($K35>=6,"Aprobado","Desaprobado")) -> Aprobado | M35: Muy buen desempeño
A36: AL-005 | B36: =IFERROR(INDEX(Alumnos!$B$2:$B$31,MATCH($A36,Alumnos!$A$2:$A$31,0))&", "&INDEX(Alumnos!$C$2:$C$31,MATCH($A36,Alumnos!$A$2:$A$31,0)),"") -> Sánchez, Franco | C36: 1 | D36: A | E36: Geografía | F36: PR-04 | G36: =IFERROR(INDEX(Profesores!$B$2:$B$12,MATCH($F36,Profesores!$A$2:$A$12,0))&" "&INDEX(Profesores!$C$2:$C$12,MATCH($F36,Profesores!$A$2:$A$12,0)),"") -> Pérez Diego | H36: 4 | I36: 9 | J36: 10 | K36: =IFERROR(AVERAGE($H36:$J36),"") -> 7.6666667 | L36: =IF($K36="","",IF($K36>=6,"Aprobado","Desaprobado")) -> Aprobado | M36: Necesita repasar contenidos previos
A37: AL-006 | B37: =IFERROR(INDEX(Alumnos!$B$2:$B$31,MATCH($A37,Alumnos!$A$2:$A$31,0))&", "&INDEX(Alumnos!$C$2:$C$31,MATCH($A37,Alumnos!$A$2:$A$31,0)),"") -> Luna, Iván | C37: 1 | D37: A | E37: Geografía | F37: PR-04 | G37: =IFERROR(INDEX(Profesores!$B$2:$B$12,MATCH($F37,Profesores!$A$2:$A$12,0))&" "&INDEX(Profesores!$C$2:$C$12,MATCH($F37,Profesores!$A$2:$A$12,0)),"") -> Pérez Diego | H37: 10 | I37: 9 | J37: 8 | K37: =IFERROR(AVERAGE($H37:$J37),"") -> 9 | L37: =IF($K37="","",IF($K37>=6,"Aprobado","Desaprobado")) -> Aprobado
A38: AL-007 | B38: =IFERROR(INDEX(Alumnos!$B$2:$B$31,MATCH($A38,Alumnos!$A$2:$A$31,0))&", "&INDEX(Alumnos!$C$2:$C$31,MATCH($A38,Alumnos!$A$2:$A$31,0)),"") -> Medina, Valentina | C38: 1 | D38: A | E38: Geografía | F38: PR-04 | G38: =IFERROR(INDEX(Profesores!$B$2:$B$12,MATCH($F38,Profesores!$A$2:$A$12,0))&" "&INDEX(Profesores!$C$2:$C$12,MATCH($F38,Profesores!$A$2:$A$12,0)),"") -> Pérez Diego | H38: 10 | I38: 8 | J38: 10 | K38: =IFERROR(AVERAGE($H38:$J38),"") -> 9.3333333 | L38: =IF($K38="","",IF($K38>=6,"Aprobado","Desaprobado")) -> Aprobado
A39: AL-008 | B39: =IFERROR(INDEX(Alumnos!$B$2:$B$31,MATCH($A39,Alumnos!$A$2:$A$31,0))&", "&INDEX(Alumnos!$C$2:$C$31,MATCH($A39,Alumnos!$A$2:$A$31,0)),"") -> Rojas, María | C39: 1 | D39: A | E39: Geografía | F39: PR-04 | G39: =IFERROR(INDEX(Profesores!$B$2:$B$12,MATCH($F39,Profesores!$A$2:$A$12,0))&" "&INDEX(Profesores!$C$2:$C$12,MATCH($F39,Profesores!$A$2:$A$12,0)),"") -> Pérez Diego | H39: 6 | I39: 8 | J39: 7 | K39: =IFERROR(AVERAGE($H39:$J39),"") -> 7 | L39: =IF($K39="","",IF($K39>=6,"Aprobado","Desaprobado")) -> Aprobado | M39: Buena participación en clase
A40: AL-009 | B40: =IFERROR(INDEX(Alumnos!$B$2:$B$31,MATCH($A40,Alumnos!$A$2:$A$31,0))&", "&INDEX(Alumnos!$C$2:$C$31,MATCH($A40,Alumnos!$A$2:$A$31,0)),"") -> Cabrera, Sofía | C40: 1 | D40: A | E40: Geografía | F40: PR-04 | G40: =IFERROR(INDEX(Profesores!$B$2:$B$12,MATCH($F40,Profesores!$A$2:$A$12,0))&" "&INDEX(Profesores!$C$2:$C$12,MATCH($F40,Profesores!$A$2:$A$12,0)),"") -> Pérez Diego | H40: 4 | I40: 8 | J40: 9 | K40: =IFERROR(AVERAGE($H40:$J40),"") -> 7 | L40: =IF($K40="","",IF($K40>=6,"Aprobado","Desaprobado")) -> Aprobado | M40: Buena participación en clase
A41: AL-010 | B41: =IFERROR(INDEX(Alumnos!$B$2:$B$31,MATCH($A41,Alumnos!$A$2:$A$31,0))&", "&INDEX(Alumnos!$C$2:$C$31,MATCH($A41,Alumnos!$A$2:$A$31,0)),"") -> Núñez, Renata | C41: 1 | D41: A | E41: Geografía | F41: PR-04 | G41: =IFERROR(INDEX(Profesores!$B$2:$B$12,MATCH($F41,Profesores!$A$2:$A$12,0))&" "&INDEX(Profesores!$C$2:$C$12,MATCH($F41,Profesores!$A$2:$A$12,0)),"") -> Pérez Diego | H41: 4 | I41: 10 | J41: 7 | K41: =IFERROR(AVERAGE($H41:$J41),"") -> 7 | L41: =IF($K41="","",IF($K41>=6,"Aprobado","Desaprobado")) -> Aprobado | M41: Excelente evolución
A42: AL-001 | B42: =IFERROR(INDEX(Alumnos!$B$2:$B$31,MATCH($A42,Alumnos!$A$2:$A$31,0))&", "&INDEX(Alumnos!$C$2:$C$31,MATCH($A42,Alumnos!$A$2:$A$31,0)),"") -> Ortiz, María | C42: 1 | D42: A | E42: Biología | F42: PR-05 | G42: =IFERROR(INDEX(Profesores!$B$2:$B$12,MATCH($F42,Profesores!$A$2:$A$12,0))&" "&INDEX(Profesores!$C$2:$C$12,MATCH($F42,Profesores!$A$2:$A$12,0)),"") -> López Carla | H42: 4 | I42: 7 | J42: 6 | K42: =IFERROR(AVERAGE($H42:$J42),"") -> 5.6666667 | L42: =IF($K42="","",IF($K42>=6,"Aprobado","Desaprobado")) -> Desaprobado | M42: Excelente evolución
A43: AL-002 | B43: =IFERROR(INDEX(Alumnos!$B$2:$B$31,MATCH($A43,Alumnos!$A$2:$A$31,0))&", "&INDEX(Alumnos!$C$2:$C$31,MATCH($A43,Alumnos!$A$2:$A$31,0)),"") -> Herrera, Delfina | C43: 1 | D43: A | E43: Biología | F43: PR-05 | G43: =IFERROR(INDEX(Profesores!$B$2:$B$12,MATCH($F43,Profesores!$A$2:$A$12,0))&" "&INDEX(Profesores!$C$2:$C$12,MATCH($F43,Profesores!$A$2:$A$12,0)),"") -> López Carla | H43: 9 | I43: 5 | J43: 7 | K43: =IFERROR(AVERAGE($H43:$J43),"") -> 7 | L43: =IF($K43="","",IF($K43>=6,"Aprobado","Desaprobado")) -> Aprobado
A44: AL-003 | B44: =IFERROR(INDEX(Alumnos!$B$2:$B$31,MATCH($A44,Alumnos!$A$2:$A$31,0))&", "&INDEX(Alumnos!$C$2:$C$31,MATCH($A44,Alumnos!$A$2:$A$31,0)),"") -> Vega, Joaquín | C44: 1 | D44: A | E44: Biología | F44: PR-05 | G44: =IFERROR(INDEX(Profesores!$B$2:$B$12,MATCH($F44,Profesores!$A$2:$A$12,0))&" "&INDEX(Profesores!$C$2:$C$12,MATCH($F44,Profesores!$A$2:$A$12,0)),"") -> López Carla | H44: 9 | I44: 8 | J44: 9 | K44: =IFERROR(AVERAGE($H44:$J44),"") -> 8.6666667 | L44: =IF($K44="","",IF($K44>=6,"Aprobado","Desaprobado")) -> Aprobado | M44: Necesita repasar contenidos previos
A45: AL-004 | B45: =IFERROR(INDEX(Alumnos!$B$2:$B$31,MATCH($A45,Alumnos!$A$2:$A$31,0))&", "&INDEX(Alumnos!$C$2:$C$31,MATCH($A45,Alumnos!$A$2:$A$31,0)),"") -> Silva, Tomás | C45: 1 | D45: A | E45: Biología | F45: PR-05 | G45: =IFERROR(INDEX(Profesores!$B$2:$B$12,MATCH($F45,Profesores!$A$2:$A$12,0))&" "&INDEX(Profesores!$C$2:$C$12,MATCH($F45,Profesores!$A$2:$A$12,0)),"") -> López Carla | H45: 8 | I45: 10 | J45: 8 | K45: =IFERROR(AVERAGE($H45:$J45),"") -> 8.6666667 | L45: =IF($K45="","",IF($K45>=6,"Aprobado","Desaprobado")) -> Aprobado | M45: Excelente evolución
A46: AL-005 | B46: =IFERROR(INDEX(Alumnos!$B$2:$B$31,MATCH($A46,Alumnos!$A$2:$A$31,0))&", "&INDEX(Alumnos!$C$2:$C$31,MATCH($A46,Alumnos!$A$2:$A$31,0)),"") -> Sánchez, Franco | C46: 1 | D46: A | E46: Biología | F46: PR-05 | G46: =IFERROR(INDEX(Profesores!$B$2:$B$12,MATCH($F46,Profesores!$A$2:$A$12,0))&" "&INDEX(Profesores!$C$2:$C$12,MATCH($F46,Profesores!$A$2:$A$12,0)),"") -> López Carla | H46: 7 | I46: 7 | J46: 10 | K46: =IFERROR(AVERAGE($H46:$J46),"") -> 8 | L46: =IF($K46="","",IF($K46>=6,"Aprobado","Desaprobado")) -> Aprobado | M46: Cumple con lo solicitado
A47: AL-006 | B47: =IFERROR(INDEX(Alumnos!$B$2:$B$31,MATCH($A47,Alumnos!$A$2:$A$31,0))&", "&INDEX(Alumnos!$C$2:$C$31,MATCH($A47,Alumnos!$A$2:$A$31,0)),"") -> Luna, Iván | C47: 1 | D47: A | E47: Biología | F47: PR-05 | G47: =IFERROR(INDEX(Profesores!$B$2:$B$12,MATCH($F47,Profesores!$A$2:$A$12,0))&" "&INDEX(Profesores!$C$2:$C$12,MATCH($F47,Profesores!$A$2:$A$12,0)),"") -> López Carla | H47: 6 | I47: 6 | J47: 10 | K47: =IFERROR(AVERAGE($H47:$J47),"") -> 7.3333333 | L47: =IF($K47="","",IF($K47>=6,"Aprobado","Desaprobado")) -> Aprobado | M47: Muy buen desempeño
A48: AL-007 | B48: =IFERROR(INDEX(Alumnos!$B$2:$B$31,MATCH($A48,Alumnos!$A$2:$A$31,0))&", "&INDEX(Alumnos!$C$2:$C$31,MATCH($A48,Alumnos!$A$2:$A$31,0)),"") -> Medina, Valentina | C48: 1 | D48: A | E48: Biología | F48: PR-05 | G48: =IFERROR(INDEX(Profesores!$B$2:$B$12,MATCH($F48,Profesores!$A$2:$A$12,0))&" "&INDEX(Profesores!$C$2:$C$12,MATCH($F48,Profesores!$A$2:$A$12,0)),"") -> López Carla | H48: 10 | I48: 4 | J48: 6 | K48: =IFERROR(AVERAGE($H48:$J48),"") -> 6.6666667 | L48: =IF($K48="","",IF($K48>=6,"Aprobado","Desaprobado")) -> Aprobado | M48: Excelente evolución
A49: AL-008 | B49: =IFERROR(INDEX(Alumnos!$B$2:$B$31,MATCH($A49,Alumnos!$A$2:$A$31,0))&", "&INDEX(Alumnos!$C$2:$C$31,MATCH($A49,Alumnos!$A$2:$A$31,0)),"") -> Rojas, María | C49: 1 | D49: A | E49: Biología | F49: PR-05 | G49: =IFERROR(INDEX(Profesores!$B$2:$B$12,MATCH($F49,Profesores!$A$2:$A$12,0))&" "&INDEX(Profesores!$C$2:$C$12,MATCH($F49,Profesores!$A$2:$A$12,0)),"") -> López Carla | H49: 5 | I49: 10 | J49: 7 | K49: =IFERROR(AVERAGE($H49:$J49),"") -> 7.3333333 | L49: =IF($K49="","",IF($K49>=6,"Aprobado","Desaprobado")) -> Aprobado | M49: Cumple con lo solicitado
A50: AL-009 | B50: =IFERROR(INDEX(Alumnos!$B$2:$B$31,MATCH($A50,Alumnos!$A$2:$A$31,0))&", "&INDEX(Alumnos!$C$2:$C$31,MATCH($A50,Alumnos!$A$2:$A$31,0)),"") -> Cabrera, Sofía | C50: 1 | D50: A | E50: Biología | F50: PR-05 | G50: =IFERROR(INDEX(Profesores!$B$2:$B$12,MATCH($F50,Profesores!$A$2:$A$12,0))&" "&INDEX(Profesores!$C$2:$C$12,MATCH($F50,Profesores!$A$2:$A$12,0)),"") -> López Carla | H50: 8 | I50: 9 | J50: 7 | K50: =IFERROR(AVERAGE($H50:$J50),"") -> 8 | L50: =IF($K50="","",IF($K50>=6,"Aprobado","Desaprobado")) -> Aprobado | M50: Buena participación en clase
A51: AL-010 | B51: =IFERROR(INDEX(Alumnos!$B$2:$B$31,MATCH($A51,Alumnos!$A$2:$A$31,0))&", "&INDEX(Alumnos!$C$2:$C$31,MATCH($A51,Alumnos!$A$2:$A$31,0)),"") -> Núñez, Renata | C51: 1 | D51: A | E51: Biología | F51: PR-05 | G51: =IFERROR(INDEX(Profesores!$B$2:$B$12,MATCH($F51,Profesores!$A$2:$A$12,0))&" "&INDEX(Profesores!$C$2:$C$12,MATCH($F51,Profesores!$A$2:$A$12,0)),"") -> López Carla | H51: 4 | I51: 7 | J51: 10 | K51: =IFERROR(AVERAGE($H51:$J51),"") -> 7 | L51: =IF($K51="","",IF($K51>=6,"Aprobado","Desaprobado")) -> Aprobado | M51: Buena participación en clase
A52: AL-001 | B52: =IFERROR(INDEX(Alumnos!$B$2:$B$31,MATCH($A52,Alumnos!$A$2:$A$31,0))&", "&INDEX(Alumnos!$C$2:$C$31,MATCH($A52,Alumnos!$A$2:$A$31,0)),"") -> Ortiz, María | C52: 1 | D52: A | E52: Inglés | F52: PR-06 | G52: =IFERROR(INDEX(Profesores!$B$2:$B$12,MATCH($F52,Profesores!$A$2:$A$12,0))&" "&INDEX(Profesores!$C$2:$C$12,MATCH($F52,Profesores!$A$2:$A$12,0)),"") -> Martínez Julián | H52: 5 | I52: 7 | J52: 5 | K52: =IFERROR(AVERAGE($H52:$J52),"") -> 5.6666667 | L52: =IF($K52="","",IF($K52>=6,"Aprobado","Desaprobado")) -> Desaprobado | M52: Buena participación en clase
A53: AL-002 | B53: =IFERROR(INDEX(Alumnos!$B$2:$B$31,MATCH($A53,Alumnos!$A$2:$A$31,0))&", "&INDEX(Alumnos!$C$2:$C$31,MATCH($A53,Alumnos!$A$2:$A$31,0)),"") -> Herrera, Delfina | C53: 1 | D53: A | E53: Inglés | F53: PR-06 | G53: =IFERROR(INDEX(Profesores!$B$2:$B$12,MATCH($F53,Profesores!$A$2:$A$12,0))&" "&INDEX(Profesores!$C$2:$C$12,MATCH($F53,Profesores!$A$2:$A$12,0)),"") -> Martínez Julián | H53: 10 | I53: 6 | J53: 6 | K53: =IFERROR(AVERAGE($H53:$J53),"") -> 7.3333333 | L53: =IF($K53="","",IF($K53>=6,"Aprobado","Desaprobado")) -> Aprobado | M53: Necesita repasar contenidos previos
A54: AL-003 | B54: =IFERROR(INDEX(Alumnos!$B$2:$B$31,MATCH($A54,Alumnos!$A$2:$A$31,0))&", "&INDEX(Alumnos!$C$2:$C$31,MATCH($A54,Alumnos!$A$2:$A$31,0)),"") -> Vega, Joaquín | C54: 1 | D54: A | E54: Inglés | F54: PR-06 | G54: =IFERROR(INDEX(Profesores!$B$2:$B$12,MATCH($F54,Profesores!$A$2:$A$12,0))&" "&INDEX(Profesores!$C$2:$C$12,MATCH($F54,Profesores!$A$2:$A$12,0)),"") -> Martínez Julián | H54: 8 | I54: 9 | J54: 6 | K54: =IFERROR(AVERAGE($H54:$J54),"") -> 7.6666667 | L54: =IF($K54="","",IF($K54>=6,"Aprobado","Desaprobado")) -> Aprobado | M54: Recomendado apoyo escolar
A55: AL-004 | B55: =IFERROR(INDEX(Alumnos!$B$2:$B$31,MATCH($A55,Alumnos!$A$2:$A$31,0))&", "&INDEX(Alumnos!$C$2:$C$31,MATCH($A55,Alumnos!$A$2:$A$31,0)),"") -> Silva, Tomás | C55: 1 | D55: A | E55: Inglés | F55: PR-06 | G55: =IFERROR(INDEX(Profesores!$B$2:$B$12,MATCH($F55,Profesores!$A$2:$A$12,0))&" "&INDEX(Profesores!$C$2:$C$12,MATCH($F55,Profesores!$A$2:$A$12,0)),"") -> Martínez Julián | H55: 4 | I55: 8 | J55: 5 | K55: =IFERROR(AVERAGE($H55:$J55),"") -> 5.6666667 | L55: =IF($K55="","",IF($K55>=6,"Aprobado","Desaprobado")) -> Desaprobado
A56: AL-005 | B56: =IFERROR(INDEX(Alumnos!$B$2:$B$31,MATCH($A56,Alumnos!$A$2:$A$31,0))&", "&INDEX(Alumnos!$C$2:$C$31,MATCH($A56,Alumnos!$A$2:$A$31,0)),"") -> Sánchez, Franco | C56: 1 | D56: A | E56: Inglés | F56: PR-06 | G56: =IFERROR(INDEX(Profesores!$B$2:$B$12,MATCH($F56,Profesores!$A$2:$A$12,0))&" "&INDEX(Profesores!$C$2:$C$12,MATCH($F56,Profesores!$A$2:$A$12,0)),"") -> Martínez Julián | H56: 5 | I56: 9 | J56: 7 | K56: =IFERROR(AVERAGE($H56:$J56),"") -> 7 | L56: =IF($K56="","",IF($K56>=6,"Aprobado","Desaprobado")) -> Aprobado | M56: Excelente evolución
A57: AL-006 | B57: =IFERROR(INDEX(Alumnos!$B$2:$B$31,MATCH($A57,Alumnos!$A$2:$A$31,0))&", "&INDEX(Alumnos!$C$2:$C$31,MATCH($A57,Alumnos!$A$2:$A$31,0)),"") -> Luna, Iván | C57: 1 | D57: A | E57: Inglés | F57: PR-06 | G57: =IFERROR(INDEX(Profesores!$B$2:$B$12,MATCH($F57,Profesores!$A$2:$A$12,0))&" "&INDEX(Profesores!$C$2:$C$12,MATCH($F57,Profesores!$A$2:$A$12,0)),"") -> Martínez Julián | H57: 8 | I57: 10 | J57: 5 | K57: =IFERROR(AVERAGE($H57:$J57),"") -> 7.6666667 | L57: =IF($K57="","",IF($K57>=6,"Aprobado","Desaprobado")) -> Aprobado | M57: Excelente evolución
A58: AL-007 | B58: =IFERROR(INDEX(Alumnos!$B$2:$B$31,MATCH($A58,Alumnos!$A$2:$A$31,0))&", "&INDEX(Alumnos!$C$2:$C$31,MATCH($A58,Alumnos!$A$2:$A$31,0)),"") -> Medina, Valentina | C58: 1 | D58: A | E58: Inglés | F58: PR-06 | G58: =IFERROR(INDEX(Profesores!$B$2:$B$12,MATCH($F58,Profesores!$A$2:$A$12,0))&" "&INDEX(Profesores!$C$2:$C$12,MATCH($F58,Profesores!$A$2:$A$12,0)),"") -> Martínez Julián | H58: 9 | I58: 9 | J58: 7 | K58: =IFERROR(AVERAGE($H58:$J58),"") -> 8.3333333 | L58: =IF($K58="","",IF($K58>=6,"Aprobado","Desaprobado")) -> Aprobado | M58: Excelente evolución
A59: AL-008 | B59: =IFERROR(INDEX(Alumnos!$B$2:$B$31,MATCH($A59,Alumnos!$A$2:$A$31,0))&", "&INDEX(Alumnos!$C$2:$C$31,MATCH($A59,Alumnos!$A$2:$A$31,0)),"") -> Rojas, María | C59: 1 | D59: A | E59: Inglés | F59: PR-06 | G59: =IFERROR(INDEX(Profesores!$B$2:$B$12,MATCH($F59,Profesores!$A$2:$A$12,0))&" "&INDEX(Profesores!$C$2:$C$12,MATCH($F59,Profesores!$A$2:$A$12,0)),"") -> Martínez Julián | H59: 10 | I59: 4 | J59: 4 | K59: =IFERROR(AVERAGE($H59:$J59),"") -> 6 | L59: =IF($K59="","",IF($K59>=6,"Aprobado","Desaprobado")) -> Aprobado | M59: Necesita repasar contenidos previos
A60: AL-009 | B60: =IFERROR(INDEX(Alumnos!$B$2:$B$31,MATCH($A60,Alumnos!$A$2:$A$31,0))&", "&INDEX(Alumnos!$C$2:$C$31,MATCH($A60,Alumnos!$A$2:$A$31,0)),"") -> Cabrera, Sofía | C60: 1 | D60: A | E60: Inglés | F60: PR-06 | G60: =IFERROR(INDEX(Profesores!$B$2:$B$12,MATCH($F60,Profesores!$A$2:$A$12,0))&" "&INDEX(Profesores!$C$2:$C$12,MATCH($F60,Profesores!$A$2:$A$12,0)),"") -> Martínez Julián | H60: 5 | I60: 7 | J60: 9 | K60: =IFERROR(AVERAGE($H60:$J60),"") -> 7 | L60: =IF($K60="","",IF($K60>=6,"Aprobado","Desaprobado")) -> Aprobado | M60: Muy buen desempeño
A61: AL-010 | B61: =IFERROR(INDEX(Alumnos!$B$2:$B$31,MATCH($A61,Alumnos!$A$2:$A$31,0))&", "&INDEX(Alumnos!$C$2:$C$31,MATCH($A61,Alumnos!$A$2:$A$31,0)),"") -> Núñez, Renata | C61: 1 | D61: A | E61: Inglés | F61: PR-06 | G61: =IFERROR(INDEX(Profesores!$B$2:$B$12,MATCH($F61,Profesores!$A$2:$A$12,0))&" "&INDEX(Profesores!$C$2:$C$12,MATCH($F61,Profesores!$A$2:$A$12,0)),"") -> Martínez Julián | H61: 6 | I61: 9 | J61: 8 | K61: =IFERROR(AVERAGE($H61:$J61),"") -> 7.6666667 | L61: =IF($K61="","",IF($K61>=6,"Aprobado","Desaprobado")) -> Aprobado | M61: Buena participación en clase
A62: AL-001 | B62: =IFERROR(INDEX(Alumnos!$B$2:$B$31,MATCH($A62,Alumnos!$A$2:$A$31,0))&", "&INDEX(Alumnos!$C$2:$C$31,MATCH($A62,Alumnos!$A$2:$A$31,0)),"") -> Ortiz, María | C62: 1 | D62: A | E62: Educación Física | F62: PR-07 | G62: =IFERROR(INDEX(Profesores!$B$2:$B$12,MATCH($F62,Profesores!$A$2:$A$12,0))&" "&INDEX(Profesores!$C$2:$C$12,MATCH($F62,Profesores!$A$2:$A$12,0)),"") -> Sánchez Pablo | H62: 7 | I62: 8 | J62: 8 | K62: =IFERROR(AVERAGE($H62:$J62),"") -> 7.6666667 | L62: =IF($K62="","",IF($K62>=6,"Aprobado","Desaprobado")) -> Aprobado | M62: Buena participación en clase
A63: AL-002 | B63: =IFERROR(INDEX(Alumnos!$B$2:$B$31,MATCH($A63,Alumnos!$A$2:$A$31,0))&", "&INDEX(Alumnos!$C$2:$C$31,MATCH($A63,Alumnos!$A$2:$A$31,0)),"") -> Herrera, Delfina | C63: 1 | D63: A | E63: Educación Física | F63: PR-07 | G63: =IFERROR(INDEX(Profesores!$B$2:$B$12,MATCH($F63,Profesores!$A$2:$A$12,0))&" "&INDEX(Profesores!$C$2:$C$12,MATCH($F63,Profesores!$A$2:$A$12,0)),"") -> Sánchez Pablo | H63: 7 | I63: 9 | J63: 8 | K63: =IFERROR(AVERAGE($H63:$J63),"") -> 8 | L63: =IF($K63="","",IF($K63>=6,"Aprobado","Desaprobado")) -> Aprobado | M63: Buena participación en clase
A64: AL-003 | B64: =IFERROR(INDEX(Alumnos!$B$2:$B$31,MATCH($A64,Alumnos!$A$2:$A$31,0))&", "&INDEX(Alumnos!$C$2:$C$31,MATCH($A64,Alumnos!$A$2:$A$31,0)),"") -> Vega, Joaquín | C64: 1 | D64: A | E64: Educación Física | F64: PR-07 | G64: =IFERROR(INDEX(Profesores!$B$2:$B$12,MATCH($F64,Profesores!$A$2:$A$12,0))&" "&INDEX(Profesores!$C$2:$C$12,MATCH($F64,Profesores!$A$2:$A$12,0)),"") -> Sánchez Pablo | H64: 6 | I64: 9 | J64: 7 | K64: =IFERROR(AVERAGE($H64:$J64),"") -> 7.3333333 | L64: =IF($K64="","",IF($K64>=6,"Aprobado","Desaprobado")) -> Aprobado | M64: Necesita repasar contenidos previos
A65: AL-004 | B65: =IFERROR(INDEX(Alumnos!$B$2:$B$31,MATCH($A65,Alumnos!$A$2:$A$31,0))&", "&INDEX(Alumnos!$C$2:$C$31,MATCH($A65,Alumnos!$A$2:$A$31,0)),"") -> Silva, Tomás | C65: 1 | D65: A | E65: Educación Física | F65: PR-07 | G65: =IFERROR(INDEX(Profesores!$B$2:$B$12,MATCH($F65,Profesores!$A$2:$A$12,0))&" "&INDEX(Profesores!$C$2:$C$12,MATCH($F65,Profesores!$A$2:$A$12,0)),"") -> Sánchez Pablo | H65: 6 | I65: 6 | J65: 5 | K65: =IFERROR(AVERAGE($H65:$J65),"") -> 5.6666667 | L65: =IF($K65="","",IF($K65>=6,"Aprobado","Desaprobado")) -> Desaprobado
A66: AL-005 | B66: =IFERROR(INDEX(Alumnos!$B$2:$B$31,MATCH($A66,Alumnos!$A$2:$A$31,0))&", "&INDEX(Alumnos!$C$2:$C$31,MATCH($A66,Alumnos!$A$2:$A$31,0)),"") -> Sánchez, Franco | C66: 1 | D66: A | E66: Educación Física | F66: PR-07 | G66: =IFERROR(INDEX(Profesores!$B$2:$B$12,MATCH($F66,Profesores!$A$2:$A$12,0))&" "&INDEX(Profesores!$C$2:$C$12,MATCH($F66,Profesores!$A$2:$A$12,0)),"") -> Sánchez Pablo | H66: 9 | I66: 5 | J66: 6 | K66: =IFERROR(AVERAGE($H66:$J66),"") -> 6.6666667 | L66: =IF($K66="","",IF($K66>=6,"Aprobado","Desaprobado")) -> Aprobado
A67: AL-006 | B67: =IFERROR(INDEX(Alumnos!$B$2:$B$31,MATCH($A67,Alumnos!$A$2:$A$31,0))&", "&INDEX(Alumnos!$C$2:$C$31,MATCH($A67,Alumnos!$A$2:$A$31,0)),"") -> Luna, Iván | C67: 1 | D67: A | E67: Educación Física | F67: PR-07 | G67: =IFERROR(INDEX(Profesores!$B$2:$B$12,MATCH($F67,Profesores!$A$2:$A$12,0))&" "&INDEX(Profesores!$C$2:$C$12,MATCH($F67,Profesores!$A$2:$A$12,0)),"") -> Sánchez Pablo | H67: 9 | I67: 8 | J67: 10 | K67: =IFERROR(AVERAGE($H67:$J67),"") -> 9 | L67: =IF($K67="","",IF($K67>=6,"Aprobado","Desaprobado")) -> Aprobado
A68: AL-007 | B68: =IFERROR(INDEX(Alumnos!$B$2:$B$31,MATCH($A68,Alumnos!$A$2:$A$31,0))&", "&INDEX(Alumnos!$C$2:$C$31,MATCH($A68,Alumnos!$A$2:$A$31,0)),"") -> Medina, Valentina | C68: 1 | D68: A | E68: Educación Física | F68: PR-07 | G68: =IFERROR(INDEX(Profesores!$B$2:$B$12,MATCH($F68,Profesores!$A$2:$A$12,0))&" "&INDEX(Profesores!$C$2:$C$12,MATCH($F68,Profesores!$A$2:$A$12,0)),"") -> Sánchez Pablo | H68: 5 | I68: 5 | J68: 9 | K68: =IFERROR(AVERAGE($H68:$J68),"") -> 6.3333333 | L68: =IF($K68="","",IF($K68>=6,"Aprobado","Desaprobado")) -> Aprobado | M68: Excelente evolución
A69: AL-008 | B69: =IFERROR(INDEX(Alumnos!$B$2:$B$31,MATCH($A69,Alumnos!$A$2:$A$31,0))&", "&INDEX(Alumnos!$C$2:$C$31,MATCH($A69,Alumnos!$A$2:$A$31,0)),"") -> Rojas, María | C69: 1 | D69: A | E69: Educación Física | F69: PR-07 | G69: =IFERROR(INDEX(Profesores!$B$2:$B$12,MATCH($F69,Profesores!$A$2:$A$12,0))&" "&INDEX(Profesores!$C$2:$C$12,MATCH($F69,Profesores!$A$2:$A$12,0)),"") -> Sánchez Pablo | H69: 6 | I69: 9 | J69: 8 | K69: =IFERROR(AVERAGE($H69:$J69),"") -> 7.6666667 | L69: =IF($K69="","",IF($K69>=6,"Aprobado","Desaprobado")) -> Aprobado | M69: Recomendado apoyo escolar
A70: AL-009 | B70: =IFERROR(INDEX(Alumnos!$B$2:$B$31,MATCH($A70,Alumnos!$A$2:$A$31,0))&", "&INDEX(Alumnos!$C$2:$C$31,MATCH($A70,Alumnos!$A$2:$A$31,0)),"") -> Cabrera, Sofía | C70: 1 | D70: A | E70: Educación Física | F70: PR-07 | G70: =IFERROR(INDEX(Profesores!$B$2:$B$12,MATCH($F70,Profesores!$A$2:$A$12,0))&" "&INDEX(Profesores!$C$2:$C$12,MATCH($F70,Profesores!$A$2:$A$12,0)),"") -> Sánchez Pablo | H70: 8 | I70: 6 | J70: 4 | K70: =IFERROR(AVERAGE($H70:$J70),"") -> 6 | L70: =IF($K70="","",IF($K70>=6,"Aprobado","Desaprobado")) -> Aprobado | M70: Muy buen desempeño
A71: AL-010 | B71: =IFERROR(INDEX(Alumnos!$B$2:$B$31,MATCH($A71,Alumnos!$A$2:$A$31,0))&", "&INDEX(Alumnos!$C$2:$C$31,MATCH($A71,Alumnos!$A$2:$A$31,0)),"") -> Núñez, Renata | C71: 1 | D71: A | E71: Educación Física | F71: PR-07 | G71: =IFERROR(INDEX(Profesores!$B$2:$B$12,MATCH($F71,Profesores!$A$2:$A$12,0))&" "&INDEX(Profesores!$C$2:$C$12,MATCH($F71,Profesores!$A$2:$A$12,0)),"") -> Sánchez Pablo | H71: 6 | I71: 5 | J71: 6 | K71: =IFERROR(AVERAGE($H71:$J71),"") -> 5.6666667 | L71: =IF($K71="","",IF($K71>=6,"Aprobado","Desaprobado")) -> Desaprobado
A72: AL-001 | B72: =IFERROR(INDEX(Alumnos!$B$2:$B$31,MATCH($A72,Alumnos!$A$2:$A$31,0))&", "&INDEX(Alumnos!$C$2:$C$31,MATCH($A72,Alumnos!$A$2:$A$31,0)),"") -> Ortiz, María | C72: 1 | D72: A | E72: Educación Artística | F72: PR-08 | G72: =IFERROR(INDEX(Profesores!$B$2:$B$12,MATCH($F72,Profesores!$A$2:$A$12,0))&" "&INDEX(Profesores!$C$2:$C$12,MATCH($F72,Profesores!$A$2:$A$12,0)),"") -> Torres Marina | H72: 6 | I72: 4 | J72: 9 | K72: =IFERROR(AVERAGE($H72:$J72),"") -> 6.3333333 | L72: =IF($K72="","",IF($K72>=6,"Aprobado","Desaprobado")) -> Aprobado | M72: Recomendado apoyo escolar
A73: AL-002 | B73: =IFERROR(INDEX(Alumnos!$B$2:$B$31,MATCH($A73,Alumnos!$A$2:$A$31,0))&", "&INDEX(Alumnos!$C$2:$C$31,MATCH($A73,Alumnos!$A$2:$A$31,0)),"") -> Herrera, Delfina | C73: 1 | D73: A | E73: Educación Artística | F73: PR-08 | G73: =IFERROR(INDEX(Profesores!$B$2:$B$12,MATCH($F73,Profesores!$A$2:$A$12,0))&" "&INDEX(Profesores!$C$2:$C$12,MATCH($F73,Profesores!$A$2:$A$12,0)),"") -> Torres Marina | H73: 5 | I73: 6 | J73: 4 | K73: =IFERROR(AVERAGE($H73:$J73),"") -> 5 | L73: =IF($K73="","",IF($K73>=6,"Aprobado","Desaprobado")) -> Desaprobado
A74: AL-003 | B74: =IFERROR(INDEX(Alumnos!$B$2:$B$31,MATCH($A74,Alumnos!$A$2:$A$31,0))&", "&INDEX(Alumnos!$C$2:$C$31,MATCH($A74,Alumnos!$A$2:$A$31,0)),"") -> Vega, Joaquín | C74: 1 | D74: A | E74: Educación Artística | F74: PR-08 | G74: =IFERROR(INDEX(Profesores!$B$2:$B$12,MATCH($F74,Profesores!$A$2:$A$12,0))&" "&INDEX(Profesores!$C$2:$C$12,MATCH($F74,Profesores!$A$2:$A$12,0)),"") -> Torres Marina | H74: 8 | I74: 6 | J74: 9 | K74: =IFERROR(AVERAGE($H74:$J74),"") -> 7.6666667 | L74: =IF($K74="","",IF($K74>=6,"Aprobado","Desaprobado")) -> Aprobado
A75: AL-004 | B75: =IFERROR(INDEX(Alumnos!$B$2:$B$31,MATCH($A75,Alumnos!$A$2:$A$31,0))&", "&INDEX(Alumnos!$C$2:$C$31,MATCH($A75,Alumnos!$A$2:$A$31,0)),"") -> Silva, Tomás | C75: 1 | D75: A | E75: Educación Artística | F75: PR-08 | G75: =IFERROR(INDEX(Profesores!$B$2:$B$12,MATCH($F75,Profesores!$A$2:$A$12,0))&" "&INDEX(Profesores!$C$2:$C$12,MATCH($F75,Profesores!$A$2:$A$12,0)),"") -> Torres Marina | H75: 9 | I75: 10 | J75: 10 | K75: =IFERROR(AVERAGE($H75:$J75),"") -> 9.6666667 | L75: =IF($K75="","",IF($K75>=6,"Aprobado","Desaprobado")) -> Aprobado | M75: Excelente evolución
A76: AL-005 | B76: =IFERROR(INDEX(Alumnos!$B$2:$B$31,MATCH($A76,Alumnos!$A$2:$A$31,0))&", "&INDEX(Alumnos!$C$2:$C$31,MATCH($A76,Alumnos!$A$2:$A$31,0)),"") -> Sánchez, Franco | C76: 1 | D76: A | E76: Educación Artística | F76: PR-08 | G76: =IFERROR(INDEX(Profesores!$B$2:$B$12,MATCH($F76,Profesores!$A$2:$A$12,0))&" "&INDEX(Profesores!$C$2:$C$12,MATCH($F76,Profesores!$A$2:$A$12,0)),"") -> Torres Marina | H76: 4 | I76: 10 | J76: 4 | K76: =IFERROR(AVERAGE($H76:$J76),"") -> 6 | L76: =IF($K76="","",IF($K76>=6,"Aprobado","Desaprobado")) -> Aprobado | M76: Cumple con lo solicitado
A77: AL-006 | B77: =IFERROR(INDEX(Alumnos!$B$2:$B$31,MATCH($A77,Alumnos!$A$2:$A$31,0))&", "&INDEX(Alumnos!$C$2:$C$31,MATCH($A77,Alumnos!$A$2:$A$31,0)),"") -> Luna, Iván | C77: 1 | D77: A | E77: Educación Artística | F77: PR-08 | G77: =IFERROR(INDEX(Profesores!$B$2:$B$12,MATCH($F77,Profesores!$A$2:$A$12,0))&" "&INDEX(Profesores!$C$2:$C$12,MATCH($F77,Profesores!$A$2:$A$12,0)),"") -> Torres Marina | H77: 6 | I77: 7 | J77: 7 | K77: =IFERROR(AVERAGE($H77:$J77),"") -> 6.6666667 | L77: =IF($K77="","",IF($K77>=6,"Aprobado","Desaprobado")) -> Aprobado | M77: Excelente evolución
A78: AL-007 | B78: =IFERROR(INDEX(Alumnos!$B$2:$B$31,MATCH($A78,Alumnos!$A$2:$A$31,0))&", "&INDEX(Alumnos!$C$2:$C$31,MATCH($A78,Alumnos!$A$2:$A$31,0)),"") -> Medina, Valentina | C78: 1 | D78: A | E78: Educación Artística | F78: PR-08 | G78: =IFERROR(INDEX(Profesores!$B$2:$B$12,MATCH($F78,Profesores!$A$2:$A$12,0))&" "&INDEX(Profesores!$C$2:$C$12,MATCH($F78,Profesores!$A$2:$A$12,0)),"") -> Torres Marina | H78: 6 | I78: 5 | J78: 4 | K78: =IFERROR(AVERAGE($H78:$J78),"") -> 5 | L78: =IF($K78="","",IF($K78>=6,"Aprobado","Desaprobado")) -> Desaprobado | M78: Necesita repasar contenidos previos
A79: AL-008 | B79: =IFERROR(INDEX(Alumnos!$B$2:$B$31,MATCH($A79,Alumnos!$A$2:$A$31,0))&", "&INDEX(Alumnos!$C$2:$C$31,MATCH($A79,Alumnos!$A$2:$A$31,0)),"") -> Rojas, María | C79: 1 | D79: A | E79: Educación Artística | F79: PR-08 | G79: =IFERROR(INDEX(Profesores!$B$2:$B$12,MATCH($F79,Profesores!$A$2:$A$12,0))&" "&INDEX(Profesores!$C$2:$C$12,MATCH($F79,Profesores!$A$2:$A$12,0)),"") -> Torres Marina | H79: 10 | I79: 7 | J79: 4 | K79: =IFERROR(AVERAGE($H79:$J79),"") -> 7 | L79: =IF($K79="","",IF($K79>=6,"Aprobado","Desaprobado")) -> Aprobado
A80: AL-009 | B80: =IFERROR(INDEX(Alumnos!$B$2:$B$31,MATCH($A80,Alumnos!$A$2:$A$31,0))&", "&INDEX(Alumnos!$C$2:$C$31,MATCH($A80,Alumnos!$A$2:$A$31,0)),"") -> Cabrera, Sofía | C80: 1 | D80: A | E80: Educación Artística | F80: PR-08 | G80: =IFERROR(INDEX(Profesores!$B$2:$B$12,MATCH($F80,Profesores!$A$2:$A$12,0))&" "&INDEX(Profesores!$C$2:$C$12,MATCH($F80,Profesores!$A$2:$A$12,0)),"") -> Torres Marina | H80: 7 | I80: 7 | J80: 4 | K80: =IFERROR(AVERAGE($H80:$J80),"") -> 6 | L80: =IF($K80="","",IF($K80>=6,"Aprobado","Desaprobado")) -> Aprobado | M80: Cumple con lo solicitado
A81: AL-010 | B81: =IFERROR(INDEX(Alumnos!$B$2:$B$31,MATCH($A81,Alumnos!$A$2:$A$31,0))&", "&INDEX(Alumnos!$C$2:$C$31,MATCH($A81,Alumnos!$A$2:$A$31,0)),"") -> Núñez, Renata | C81: 1 | D81: A | E81: Educación Artística | F81: PR-08 | G81: =IFERROR(INDEX(Profesores!$B$2:$B$12,MATCH($F81,Profesores!$A$2:$A$12,0))&" "&INDEX(Profesores!$C$2:$C$12,MATCH($F81,Profesores!$A$2:$A$12,0)),"") -> Torres Marina | H81: 9 | I81: 9 | J81: 4 | K81: =IFERROR(AVERAGE($H81:$J81),"") -> 7.3333333 | L81: =IF($K81="","",IF($K81>=6,"Aprobado","Desaprobado")) -> Aprobado
A82: AL-011 | B82: =IFERROR(INDEX(Alumnos!$B$2:$B$31,MATCH($A82,Alumnos!$A$2:$A$31,0))&", "&INDEX(Alumnos!$C$2:$C$31,MATCH($A82,Alumnos!$A$2:$A$31,0)),"") -> Pérez, Emilia | C82: 2 | D82: A | E82: Lengua y Literatura | F82: PR-01 | G82: =IFERROR(INDEX(Profesores!$B$2:$B$12,MATCH($F82,Profesores!$A$2:$A$12,0))&" "&INDEX(Profesores!$C$2:$C$12,MATCH($F82,Profesores!$A$2:$A$12,0)),"") -> Gómez Laura | H82: 5 | I82: 10 | J82: 8 | K82: =IFERROR(AVERAGE($H82:$J82),"") -> 7.6666667 | L82: =IF($K82="","",IF($K82>=6,"Aprobado","Desaprobado")) -> Aprobado | M82: Necesita repasar contenidos previos
A83: AL-012 | B83: =IFERROR(INDEX(Alumnos!$B$2:$B$31,MATCH($A83,Alumnos!$A$2:$A$31,0))&", "&INDEX(Alumnos!$C$2:$C$31,MATCH($A83,Alumnos!$A$2:$A$31,0)),"") -> Aguirre, Camila | C83: 2 | D83: A | E83: Lengua y Literatura | F83: PR-01 | G83: =IFERROR(INDEX(Profesores!$B$2:$B$12,MATCH($F83,Profesores!$A$2:$A$12,0))&" "&INDEX(Profesores!$C$2:$C$12,MATCH($F83,Profesores!$A$2:$A$12,0)),"") -> Gómez Laura | H83: 4 | I83: 5 | J83: 4 | K83: =IFERROR(AVERAGE($H83:$J83),"") -> 4.3333333 | L83: =IF($K83="","",IF($K83>=6,"Aprobado","Desaprobado")) -> Desaprobado | M83: Recomendado apoyo escolar
A84: AL-013 | B84: =IFERROR(INDEX(Alumnos!$B$2:$B$31,MATCH($A84,Alumnos!$A$2:$A$31,0))&", "&INDEX(Alumnos!$C$2:$C$31,MATCH($A84,Alumnos!$A$2:$A$31,0)),"") -> Aguirre, Guadalupe | C84: 2 | D84: A | E84: Lengua y Literatura | F84: PR-01 | G84: =IFERROR(INDEX(Profesores!$B$2:$B$12,MATCH($F84,Profesores!$A$2:$A$12,0))&" "&INDEX(Profesores!$C$2:$C$12,MATCH($F84,Profesores!$A$2:$A$12,0)),"") -> Gómez Laura | H84: 10 | I84: 7 | J84: 8 | K84: =IFERROR(AVERAGE($H84:$J84),"") -> 8.3333333 | L84: =IF($K84="","",IF($K84>=6,"Aprobado","Desaprobado")) -> Aprobado | M84: Cumple con lo solicitado
A85: AL-014 | B85: =IFERROR(INDEX(Alumnos!$B$2:$B$31,MATCH($A85,Alumnos!$A$2:$A$31,0))&", "&INDEX(Alumnos!$C$2:$C$31,MATCH($A85,Alumnos!$A$2:$A$31,0)),"") -> Acosta, Bruno | C85: 2 | D85: A | E85: Lengua y Literatura | F85: PR-01 | G85: =IFERROR(INDEX(Profesores!$B$2:$B$12,MATCH($F85,Profesores!$A$2:$A$12,0))&" "&INDEX(Profesores!$C$2:$C$12,MATCH($F85,Profesores!$A$2:$A$12,0)),"") -> Gómez Laura | H85: 10 | I85: 8 | J85: 5 | K85: =IFERROR(AVERAGE($H85:$J85),"") -> 7.6666667 | L85: =IF($K85="","",IF($K85>=6,"Aprobado","Desaprobado")) -> Aprobado | M85: Recomendado apoyo escolar
A86: AL-015 | B86: =IFERROR(INDEX(Alumnos!$B$2:$B$31,MATCH($A86,Alumnos!$A$2:$A$31,0))&", "&INDEX(Alumnos!$C$2:$C$31,MATCH($A86,Alumnos!$A$2:$A$31,0)),"") -> Flores, Valentina | C86: 2 | D86: A | E86: Lengua y Literatura | F86: PR-01 | G86: =IFERROR(INDEX(Profesores!$B$2:$B$12,MATCH($F86,Profesores!$A$2:$A$12,0))&" "&INDEX(Profesores!$C$2:$C$12,MATCH($F86,Profesores!$A$2:$A$12,0)),"") -> Gómez Laura | H86: 7 | I86: 7 | J86: 7 | K86: =IFERROR(AVERAGE($H86:$J86),"") -> 7 | L86: =IF($K86="","",IF($K86>=6,"Aprobado","Desaprobado")) -> Aprobado | M86: Necesita repasar contenidos previos
A87: AL-016 | B87: =IFERROR(INDEX(Alumnos!$B$2:$B$31,MATCH($A87,Alumnos!$A$2:$A$31,0))&", "&INDEX(Alumnos!$C$2:$C$31,MATCH($A87,Alumnos!$A$2:$A$31,0)),"") -> Aguirre, Juan | C87: 2 | D87: A | E87: Lengua y Literatura | F87: PR-01 | G87: =IFERROR(INDEX(Profesores!$B$2:$B$12,MATCH($F87,Profesores!$A$2:$A$12,0))&" "&INDEX(Profesores!$C$2:$C$12,MATCH($F87,Profesores!$A$2:$A$12,0)),"") -> Gómez Laura | H87: 10 | I87: 8 | J87: 7 | K87: =IFERROR(AVERAGE($H87:$J87),"") -> 8.3333333 | L87: =IF($K87="","",IF($K87>=6,"Aprobado","Desaprobado")) -> Aprobado | M87: Necesita repasar contenidos previos
A88: AL-017 | B88: =IFERROR(INDEX(Alumnos!$B$2:$B$31,MATCH($A88,Alumnos!$A$2:$A$31,0))&", "&INDEX(Alumnos!$C$2:$C$31,MATCH($A88,Alumnos!$A$2:$A$31,0)),"") -> Ruiz, Camila | C88: 2 | D88: A | E88: Lengua y Literatura | F88: PR-01 | G88: =IFERROR(INDEX(Profesores!$B$2:$B$12,MATCH($F88,Profesores!$A$2:$A$12,0))&" "&INDEX(Profesores!$C$2:$C$12,MATCH($F88,Profesores!$A$2:$A$12,0)),"") -> Gómez Laura | H88: 8 | I88: 8 | J88: 4 | K88: =IFERROR(AVERAGE($H88:$J88),"") -> 6.6666667 | L88: =IF($K88="","",IF($K88>=6,"Aprobado","Desaprobado")) -> Aprobado | M88: Cumple con lo solicitado
A89: AL-018 | B89: =IFERROR(INDEX(Alumnos!$B$2:$B$31,MATCH($A89,Alumnos!$A$2:$A$31,0))&", "&INDEX(Alumnos!$C$2:$C$31,MATCH($A89,Alumnos!$A$2:$A$31,0)),"") -> Castro, Nicolás | C89: 2 | D89: A | E89: Lengua y Literatura | F89: PR-01 | G89: =IFERROR(INDEX(Profesores!$B$2:$B$12,MATCH($F89,Profesores!$A$2:$A$12,0))&" "&INDEX(Profesores!$C$2:$C$12,MATCH($F89,Profesores!$A$2:$A$12,0)),"") -> Gómez Laura | H89: 9 | I89: 4 | J89: 10 | K89: =IFERROR(AVERAGE($H89:$J89),"") -> 7.6666667 | L89: =IF($K89="","",IF($K89>=6,"Aprobado","Desaprobado")) -> Aprobado | M89: Muy buen desempeño
A90: AL-019 | B90: =IFERROR(INDEX(Alumnos!$B$2:$B$31,MATCH($A90,Alumnos!$A$2:$A$31,0))&", "&INDEX(Alumnos!$C$2:$C$31,MATCH($A90,Alumnos!$A$2:$A$31,0)),"") -> Suárez, Julieta | C90: 2 | D90: A | E90: Lengua y Literatura | F90: PR-01 | G90: =IFERROR(INDEX(Profesores!$B$2:$B$12,MATCH($F90,Profesores!$A$2:$A$12,0))&" "&INDEX(Profesores!$C$2:$C$12,MATCH($F90,Profesores!$A$2:$A$12,0)),"") -> Gómez Laura | H90: 9 | I90: 5 | J90: 6 | K90: =IFERROR(AVERAGE($H90:$J90),"") -> 6.6666667 | L90: =IF($K90="","",IF($K90>=6,"Aprobado","Desaprobado")) -> Aprobado
A91: AL-020 | B91: =IFERROR(INDEX(Alumnos!$B$2:$B$31,MATCH($A91,Alumnos!$A$2:$A$31,0))&", "&INDEX(Alumnos!$C$2:$C$31,MATCH($A91,Alumnos!$A$2:$A$31,0)),"") -> Vega, Benjamín | C91: 2 | D91: A | E91: Lengua y Literatura | F91: PR-01 | G91: =IFERROR(INDEX(Profesores!$B$2:$B$12,MATCH($F91,Profesores!$A$2:$A$12,0))&" "&INDEX(Profesores!$C$2:$C$12,MATCH($F91,Profesores!$A$2:$A$12,0)),"") -> Gómez Laura | H91: 5 | I91: 5 | J91: 5 | K91: =IFERROR(AVERAGE($H91:$J91),"") -> 5 | L91: =IF($K91="","",IF($K91>=6,"Aprobado","Desaprobado")) -> Desaprobado | M91: Recomendado apoyo escolar
A92: AL-011 | B92: =IFERROR(INDEX(Alumnos!$B$2:$B$31,MATCH($A92,Alumnos!$A$2:$A$31,0))&", "&INDEX(Alumnos!$C$2:$C$31,MATCH($A92,Alumnos!$A$2:$A$31,0)),"") -> Pérez, Emilia | C92: 2 | D92: A | E92: Matemática | F92: PR-02 | G92: =IFERROR(INDEX(Profesores!$B$2:$B$12,MATCH($F92,Profesores!$A$2:$A$12,0))&" "&INDEX(Profesores!$C$2:$C$12,MATCH($F92,Profesores!$A$2:$A$12,0)),"") -> Fernández Marcelo | H92: 4 | I92: 5 | J92: 4 | K92: =IFERROR(AVERAGE($H92:$J92),"") -> 4.3333333 | L92: =IF($K92="","",IF($K92>=6,"Aprobado","Desaprobado")) -> Desaprobado | M92: Entrega tarde los trabajos
A93: AL-012 | B93: =IFERROR(INDEX(Alumnos!$B$2:$B$31,MATCH($A93,Alumnos!$A$2:$A$31,0))&", "&INDEX(Alumnos!$C$2:$C$31,MATCH($A93,Alumnos!$A$2:$A$31,0)),"") -> Aguirre, Camila | C93: 2 | D93: A | E93: Matemática | F93: PR-02 | G93: =IFERROR(INDEX(Profesores!$B$2:$B$12,MATCH($F93,Profesores!$A$2:$A$12,0))&" "&INDEX(Profesores!$C$2:$C$12,MATCH($F93,Profesores!$A$2:$A$12,0)),"") -> Fernández Marcelo | H93: 7 | I93: 9 | J93: 8 | K93: =IFERROR(AVERAGE($H93:$J93),"") -> 8 | L93: =IF($K93="","",IF($K93>=6,"Aprobado","Desaprobado")) -> Aprobado | M93: Excelente evolución
A94: AL-013 | B94: =IFERROR(INDEX(Alumnos!$B$2:$B$31,MATCH($A94,Alumnos!$A$2:$A$31,0))&", "&INDEX(Alumnos!$C$2:$C$31,MATCH($A94,Alumnos!$A$2:$A$31,0)),"") -> Aguirre, Guadalupe | C94: 2 | D94: A | E94: Matemática | F94: PR-02 | G94: =IFERROR(INDEX(Profesores!$B$2:$B$12,MATCH($F94,Profesores!$A$2:$A$12,0))&" "&INDEX(Profesores!$C$2:$C$12,MATCH($F94,Profesores!$A$2:$A$12,0)),"") -> Fernández Marcelo | H94: 6 | I94: 4 | J94: 5 | K94: =IFERROR(AVERAGE($H94:$J94),"") -> 5 | L94: =IF($K94="","",IF($K94>=6,"Aprobado","Desaprobado")) -> Desaprobado | M94: Necesita repasar contenidos previos
A95: AL-014 | B95: =IFERROR(INDEX(Alumnos!$B$2:$B$31,MATCH($A95,Alumnos!$A$2:$A$31,0))&", "&INDEX(Alumnos!$C$2:$C$31,MATCH($A95,Alumnos!$A$2:$A$31,0)),"") -> Acosta, Bruno | C95: 2 | D95: A | E95: Matemática | F95: PR-02 | G95: =IFERROR(INDEX(Profesores!$B$2:$B$12,MATCH($F95,Profesores!$A$2:$A$12,0))&" "&INDEX(Profesores!$C$2:$C$12,MATCH($F95,Profesores!$A$2:$A$12,0)),"") -> Fernández Marcelo | H95: 9 | I95: 6 | J95: 9 | K95: =IFERROR(AVERAGE($H95:$J95),"") -> 8 | L95: =IF($K95="","",IF($K95>=6,"Aprobado","Desaprobado")) -> Aprobado | M95: Excelente evolución
A96: AL-015 | B96: =IFERROR(INDEX(Alumnos!$B$2:$B$31,MATCH($A96,Alumnos!$A$2:$A$31,0))&", "&INDEX(Alumnos!$C$2:$C$31,MATCH($A96,Alumnos!$A$2:$A$31,0)),"") -> Flores, Valentina | C96: 2 | D96: A | E96: Matemática | F96: PR-02 | G96: =IFERROR(INDEX(Profesores!$B$2:$B$12,MATCH($F96,Profesores!$A$2:$A$12,0))&" "&INDEX(Profesores!$C$2:$C$12,MATCH($F96,Profesores!$A$2:$A$12,0)),"") -> Fernández Marcelo | H96: 4 | I96: 9 | J96: 5 | K96: =IFERROR(AVERAGE($H96:$J96),"") -> 6 | L96: =IF($K96="","",IF($K96>=6,"Aprobado","Desaprobado")) -> Aprobado | M96: Necesita repasar contenidos previos
A97: AL-016 | B97: =IFERROR(INDEX(Alumnos!$B$2:$B$31,MATCH($A97,Alumnos!$A$2:$A$31,0))&", "&INDEX(Alumnos!$C$2:$C$31,MATCH($A97,Alumnos!$A$2:$A$31,0)),"") -> Aguirre, Juan | C97: 2 | D97: A | E97: Matemática | F97: PR-02 | G97: =IFERROR(INDEX(Profesores!$B$2:$B$12,MATCH($F97,Profesores!$A$2:$A$12,0))&" "&INDEX(Profesores!$C$2:$C$12,MATCH($F97,Profesores!$A$2:$A$12,0)),"") -> Fernández Marcelo | H97: 10 | I97: 10 | J97: 9 | K97: =IFERROR(AVERAGE($H97:$J97),"") -> 9.6666667 | L97: =IF($K97="","",IF($K97>=6,"Aprobado","Desaprobado")) -> Aprobado | M97: Cumple con lo solicitado
A98: AL-017 | B98: =IFERROR(INDEX(Alumnos!$B$2:$B$31,MATCH($A98,Alumnos!$A$2:$A$31,0))&", "&INDEX(Alumnos!$C$2:$C$31,MATCH($A98,Alumnos!$A$2:$A$31,0)),"") -> Ruiz, Camila | C98: 2 | D98: A | E98: Matemática | F98: PR-02 | G98: =IFERROR(INDEX(Profesores!$B$2:$B$12,MATCH($F98,Profesores!$A$2:$A$12,0))&" "&INDEX(Profesores!$C$2:$C$12,MATCH($F98,Profesores!$A$2:$A$12,0)),"") -> Fernández Marcelo | H98: 9 | I98: 10 | J98: 5 | K98: =IFERROR(AVERAGE($H98:$J98),"") -> 8 | L98: =IF($K98="","",IF($K98>=6,"Aprobado","Desaprobado")) -> Aprobado | M98: Entrega tarde los trabajos
A99: AL-018 | B99: =IFERROR(INDEX(Alumnos!$B$2:$B$31,MATCH($A99,Alumnos!$A$2:$A$31,0))&", "&INDEX(Alumnos!$C$2:$C$31,MATCH($A99,Alumnos!$A$2:$A$31,0)),"") -> Castro, Nicolás | C99: 2 | D99: A | E99: Matemática | F99: PR-02 | G99: =IFERROR(INDEX(Profesores!$B$2:$B$12,MATCH($F99,Profesores!$A$2:$A$12,0))&" "&INDEX(Profesores!$C$2:$C$12,MATCH($F99,Profesores!$A$2:$A$12,0)),"") -> Fernández Marcelo | H99: 4 | I99: 8 | J99: 5 | K99: =IFERROR(AVERAGE($H99:$J99),"") -> 5.6666667 | L99: =IF($K99="","",IF($K99>=6,"Aprobado","Desaprobado")) -> Desaprobado
A100: AL-019 | B100: =IFERROR(INDEX(Alumnos!$B$2:$B$31,MATCH($A100,Alumnos!$A$2:$A$31,0))&", "&INDEX(Alumnos!$C$2:$C$31,MATCH($A100,Alumnos!$A$2:$A$31,0)),"") -> Suárez, Julieta | C100: 2 | D100: A | E100: Matemática | F100: PR-02 | G100: =IFERROR(INDEX(Profesores!$B$2:$B$12,MATCH($F100,Profesores!$A$2:$A$12,0))&" "&INDEX(Profesores!$C$2:$C$12,MATCH($F100,Profesores!$A$2:$A$12,0)),"") -> Fernández Marcelo | H100: 6 | I100: 10 | J100: 5 | K100: =IFERROR(AVERAGE($H100:$J100),"") -> 7 | L100: =IF($K100="","",IF($K100>=6,"Aprobado","Desaprobado")) -> Aprobado
...

Sheet Asistencia
A1: Fecha | B1: Año | C1: División | D1: Turno | E1: ID_Alumno | F1: Alumno | G1: Estado | H1: Observación_Preceptor
A2: 02/09/2026 | B2: 1 | C2: A | D2: Mañana | E2: AL-001 | F2: =IFERROR(INDEX(Alumnos!$B$2:$B$31,MATCH($E2,Alumnos!$A$2:$A$31,0))&", "&INDEX(Alumnos!$C$2:$C$31,MATCH($E2,Alumnos!$A$2:$A$31,0)),"") -> Ortiz, María | G2: Ausente
A3: 02/09/2026 | B3: 1 | C3: A | D3: Mañana | E3: AL-002 | F3: =IFERROR(INDEX(Alumnos!$B$2:$B$31,MATCH($E3,Alumnos!$A$2:$A$31,0))&", "&INDEX(Alumnos!$C$2:$C$31,MATCH($E3,Alumnos!$A$2:$A$31,0)),"") -> Herrera, Delfina | G3: Tarde | H3: Llegó 15 min tarde
A4: 02/09/2026 | B4: 1 | C4: A | D4: Mañana | E4: AL-003 | F4: =IFERROR(INDEX(Alumnos!$B$2:$B$31,MATCH($E4,Alumnos!$A$2:$A$31,0))&", "&INDEX(Alumnos!$C$2:$C$31,MATCH($E4,Alumnos!$A$2:$A$31,0)),"") -> Vega, Joaquín | G4: Presente
A5: 02/09/2026 | B5: 1 | C5: A | D5: Mañana | E5: AL-004 | F5: =IFERROR(INDEX(Alumnos!$B$2:$B$31,MATCH($E5,Alumnos!$A$2:$A$31,0))&", "&INDEX(Alumnos!$C$2:$C$31,MATCH($E5,Alumnos!$A$2:$A$31,0)),"") -> Silva, Tomás | G5: Justificada | H5: Certificado médico presentado
A6: 02/09/2026 | B6: 1 | C6: A | D6: Mañana | E6: AL-005 | F6: =IFERROR(INDEX(Alumnos!$B$2:$B$31,MATCH($E6,Alumnos!$A$2:$A$31,0))&", "&INDEX(Alumnos!$C$2:$C$31,MATCH($E6,Alumnos!$A$2:$A$31,0)),"") -> Sánchez, Franco | G6: Tarde | H6: Llegó 15 min tarde
A7: 02/09/2026 | B7: 1 | C7: A | D7: Mañana | E7: AL-006 | F7: =IFERROR(INDEX(Alumnos!$B$2:$B$31,MATCH($E7,Alumnos!$A$2:$A$31,0))&", "&INDEX(Alumnos!$C$2:$C$31,MATCH($E7,Alumnos!$A$2:$A$31,0)),"") -> Luna, Iván | G7: Presente
A8: 02/09/2026 | B8: 1 | C8: A | D8: Mañana | E8: AL-007 | F8: =IFERROR(INDEX(Alumnos!$B$2:$B$31,MATCH($E8,Alumnos!$A$2:$A$31,0))&", "&INDEX(Alumnos!$C$2:$C$31,MATCH($E8,Alumnos!$A$2:$A$31,0)),"") -> Medina, Valentina | G8: Presente
A9: 02/09/2026 | B9: 1 | C9: A | D9: Mañana | E9: AL-008 | F9: =IFERROR(INDEX(Alumnos!$B$2:$B$31,MATCH($E9,Alumnos!$A$2:$A$31,0))&", "&INDEX(Alumnos!$C$2:$C$31,MATCH($E9,Alumnos!$A$2:$A$31,0)),"") -> Rojas, María | G9: Presente
A10: 02/09/2026 | B10: 1 | C10: A | D10: Mañana | E10: AL-009 | F10: =IFERROR(INDEX(Alumnos!$B$2:$B$31,MATCH($E10,Alumnos!$A$2:$A$31,0))&", "&INDEX(Alumnos!$C$2:$C$31,MATCH($E10,Alumnos!$A$2:$A$31,0)),"") -> Cabrera, Sofía | G10: Tarde | H10: Llegó 15 min tarde
A11: 02/09/2026 | B11: 1 | C11: A | D11: Mañana | E11: AL-010 | F11: =IFERROR(INDEX(Alumnos!$B$2:$B$31,MATCH($E11,Alumnos!$A$2:$A$31,0))&", "&INDEX(Alumnos!$C$2:$C$31,MATCH($E11,Alumnos!$A$2:$A$31,0)),"") -> Núñez, Renata | G11: Justificada | H11: Certificado médico presentado
A12: 02/09/2026 | B12: 2 | C12: A | D12: Mañana | E12: AL-011 | F12: =IFERROR(INDEX(Alumnos!$B$2:$B$31,MATCH($E12,Alumnos!$A$2:$A$31,0))&", "&INDEX(Alumnos!$C$2:$C$31,MATCH($E12,Alumnos!$A$2:$A$31,0)),"") -> Pérez, Emilia | G12: Presente
A13: 02/09/2026 | B13: 2 | C13: A | D13: Mañana | E13: AL-012 | F13: =IFERROR(INDEX(Alumnos!$B$2:$B$31,MATCH($E13,Alumnos!$A$2:$A$31,0))&", "&INDEX(Alumnos!$C$2:$C$31,MATCH($E13,Alumnos!$A$2:$A$31,0)),"") -> Aguirre, Camila | G13: Tarde | H13: Llegó 15 min tarde
A14: 02/09/2026 | B14: 2 | C14: A | D14: Mañana | E14: AL-013 | F14: =IFERROR(INDEX(Alumnos!$B$2:$B$31,MATCH($E14,Alumnos!$A$2:$A$31,0))&", "&INDEX(Alumnos!$C$2:$C$31,MATCH($E14,Alumnos!$A$2:$A$31,0)),"") -> Aguirre, Guadalupe | G14: Ausente
A15: 02/09/2026 | B15: 2 | C15: A | D15: Mañana | E15: AL-014 | F15: =IFERROR(INDEX(Alumnos!$B$2:$B$31,MATCH($E15,Alumnos!$A$2:$A$31,0))&", "&INDEX(Alumnos!$C$2:$C$31,MATCH($E15,Alumnos!$A$2:$A$31,0)),"") -> Acosta, Bruno | G15: Justificada | H15: Certificado médico presentado
A16: 02/09/2026 | B16: 2 | C16: A | D16: Mañana | E16: AL-015 | F16: =IFERROR(INDEX(Alumnos!$B$2:$B$31,MATCH($E16,Alumnos!$A$2:$A$31,0))&", "&INDEX(Alumnos!$C$2:$C$31,MATCH($E16,Alumnos!$A$2:$A$31,0)),"") -> Flores, Valentina | G16: Tarde | H16: Llegó 15 min tarde
A17: 02/09/2026 | B17: 2 | C17: A | D17: Mañana | E17: AL-016 | F17: =IFERROR(INDEX(Alumnos!$B$2:$B$31,MATCH($E17,Alumnos!$A$2:$A$31,0))&", "&INDEX(Alumnos!$C$2:$C$31,MATCH($E17,Alumnos!$A$2:$A$31,0)),"") -> Aguirre, Juan | G17: Tarde | H17: Llegó 15 min tarde
A18: 02/09/2026 | B18: 2 | C18: A | D18: Mañana | E18: AL-017 | F18: =IFERROR(INDEX(Alumnos!$B$2:$B$31,MATCH($E18,Alumnos!$A$2:$A$31,0))&", "&INDEX(Alumnos!$C$2:$C$31,MATCH($E18,Alumnos!$A$2:$A$31,0)),"") -> Ruiz, Camila | G18: Presente
A19: 02/09/2026 | B19: 2 | C19: A | D19: Mañana | E19: AL-018 | F19: =IFERROR(INDEX(Alumnos!$B$2:$B$31,MATCH($E19,Alumnos!$A$2:$A$31,0))&", "&INDEX(Alumnos!$C$2:$C$31,MATCH($E19,Alumnos!$A$2:$A$31,0)),"") -> Castro, Nicolás | G19: Ausente
A20: 02/09/2026 | B20: 2 | C20: A | D20: Mañana | E20: AL-019 | F20: =IFERROR(INDEX(Alumnos!$B$2:$B$31,MATCH($E20,Alumnos!$A$2:$A$31,0))&", "&INDEX(Alumnos!$C$2:$C$31,MATCH($E20,Alumnos!$A$2:$A$31,0)),"") -> Suárez, Julieta | G20: Tarde | H20: Llegó 15 min tarde
A21: 02/09/2026 | B21: 2 | C21: A | D21: Mañana | E21: AL-020 | F21: =IFERROR(INDEX(Alumnos!$B$2:$B$31,MATCH($E21,Alumnos!$A$2:$A$31,0))&", "&INDEX(Alumnos!$C$2:$C$31,MATCH($E21,Alumnos!$A$2:$A$31,0)),"") -> Vega, Benjamín | G21: Ausente
A22: 02/09/2026 | B22: 3 | C22: A | D22: Tarde | E22: AL-021 | F22: =IFERROR(INDEX(Alumnos!$B$2:$B$31,MATCH($E22,Alumnos!$A$2:$A$31,0))&", "&INDEX(Alumnos!$C$2:$C$31,MATCH($E22,Alumnos!$A$2:$A$31,0)),"") -> Molina, Milagros | G22: Presente
A23: 02/09/2026 | B23: 3 | C23: A | D23: Tarde | E23: AL-022 | F23: =IFERROR(INDEX(Alumnos!$B$2:$B$31,MATCH($E23,Alumnos!$A$2:$A$31,0))&", "&INDEX(Alumnos!$C$2:$C$31,MATCH($E23,Alumnos!$A$2:$A$31,0)),"") -> Rodríguez, Renata | G23: Ausente
A24: 02/09/2026 | B24: 3 | C24: A | D24: Tarde | E24: AL-023 | F24: =IFERROR(INDEX(Alumnos!$B$2:$B$31,MATCH($E24,Alumnos!$A$2:$A$31,0))&", "&INDEX(Alumnos!$C$2:$C$31,MATCH($E24,Alumnos!$A$2:$A$31,0)),"") -> Peralta, Franco | G24: Presente
A25: 02/09/2026 | B25: 3 | C25: A | D25: Tarde | E25: AL-024 | F25: =IFERROR(INDEX(Alumnos!$B$2:$B$31,MATCH($E25,Alumnos!$A$2:$A$31,0))&", "&INDEX(Alumnos!$C$2:$C$31,MATCH($E25,Alumnos!$A$2:$A$31,0)),"") -> Sánchez, Renata | G25: Justificada | H25: Certificado médico presentado
A26: 02/09/2026 | B26: 3 | C26: A | D26: Tarde | E26: AL-025 | F26: =IFERROR(INDEX(Alumnos!$B$2:$B$31,MATCH($E26,Alumnos!$A$2:$A$31,0))&", "&INDEX(Alumnos!$C$2:$C$31,MATCH($E26,Alumnos!$A$2:$A$31,0)),"") -> Martínez, Benjamín | G26: Presente
A27: 02/09/2026 | B27: 3 | C27: A | D27: Tarde | E27: AL-026 | F27: =IFERROR(INDEX(Alumnos!$B$2:$B$31,MATCH($E27,Alumnos!$A$2:$A$31,0))&", "&INDEX(Alumnos!$C$2:$C$31,MATCH($E27,Alumnos!$A$2:$A$31,0)),"") -> Medina, María | G27: Presente
A28: 02/09/2026 | B28: 3 | C28: A | D28: Tarde | E28: AL-027 | F28: =IFERROR(INDEX(Alumnos!$B$2:$B$31,MATCH($E28,Alumnos!$A$2:$A$31,0))&", "&INDEX(Alumnos!$C$2:$C$31,MATCH($E28,Alumnos!$A$2:$A$31,0)),"") -> Molina, Facundo | G28: Presente
A29: 02/09/2026 | B29: 3 | C29: A | D29: Tarde | E29: AL-028 | F29: =IFERROR(INDEX(Alumnos!$B$2:$B$31,MATCH($E29,Alumnos!$A$2:$A$31,0))&", "&INDEX(Alumnos!$C$2:$C$31,MATCH($E29,Alumnos!$A$2:$A$31,0)),"") -> Álvarez, Pilar | G29: Presente
A30: 02/09/2026 | B30: 3 | C30: A | D30: Tarde | E30: AL-029 | F30: =IFERROR(INDEX(Alumnos!$B$2:$B$31,MATCH($E30,Alumnos!$A$2:$A$31,0))&", "&INDEX(Alumnos!$C$2:$C$31,MATCH($E30,Alumnos!$A$2:$A$31,0)),"") -> Suárez, Pilar | G30: Tarde | H30: Llegó 15 min tarde
A31: 02/09/2026 | B31: 3 | C31: A | D31: Tarde | E31: AL-030 | F31: =IFERROR(INDEX(Alumnos!$B$2:$B$31,MATCH($E31,Alumnos!$A$2:$A$31,0))&", "&INDEX(Alumnos!$C$2:$C$31,MATCH($E31,Alumnos!$A$2:$A$31,0)),"") -> Sánchez, Facundo | G31: Presente
A32: 03/09/2026 | B32: 1 | C32: A | D32: Mañana | E32: AL-001 | F32: =IFERROR(INDEX(Alumnos!$B$2:$B$31,MATCH($E32,Alumnos!$A$2:$A$31,0))&", "&INDEX(Alumnos!$C$2:$C$31,MATCH($E32,Alumnos!$A$2:$A$31,0)),"") -> Ortiz, María | G32: Ausente
A33: 03/09/2026 | B33: 1 | C33: A | D33: Mañana | E33: AL-002 | F33: =IFERROR(INDEX(Alumnos!$B$2:$B$31,MATCH($E33,Alumnos!$A$2:$A$31,0))&", "&INDEX(Alumnos!$C$2:$C$31,MATCH($E33,Alumnos!$A$2:$A$31,0)),"") -> Herrera, Delfina | G33: Presente
A34: 03/09/2026 | B34: 1 | C34: A | D34: Mañana | E34: AL-003 | F34: =IFERROR(INDEX(Alumnos!$B$2:$B$31,MATCH($E34,Alumnos!$A$2:$A$31,0))&", "&INDEX(Alumnos!$C$2:$C$31,MATCH($E34,Alumnos!$A$2:$A$31,0)),"") -> Vega, Joaquín | G34: Presente
A35: 03/09/2026 | B35: 1 | C35: A | D35: Mañana | E35: AL-004 | F35: =IFERROR(INDEX(Alumnos!$B$2:$B$31,MATCH($E35,Alumnos!$A$2:$A$31,0))&", "&INDEX(Alumnos!$C$2:$C$31,MATCH($E35,Alumnos!$A$2:$A$31,0)),"") -> Silva, Tomás | G35: Ausente
A36: 03/09/2026 | B36: 1 | C36: A | D36: Mañana | E36: AL-005 | F36: =IFERROR(INDEX(Alumnos!$B$2:$B$31,MATCH($E36,Alumnos!$A$2:$A$31,0))&", "&INDEX(Alumnos!$C$2:$C$31,MATCH($E36,Alumnos!$A$2:$A$31,0)),"") -> Sánchez, Franco | G36: Presente
A37: 03/09/2026 | B37: 1 | C37: A | D37: Mañana | E37: AL-006 | F37: =IFERROR(INDEX(Alumnos!$B$2:$B$31,MATCH($E37,Alumnos!$A$2:$A$31,0))&", "&INDEX(Alumnos!$C$2:$C$31,MATCH($E37,Alumnos!$A$2:$A$31,0)),"") -> Luna, Iván | G37: Tarde | H37: Llegó 15 min tarde
A38: 03/09/2026 | B38: 1 | C38: A | D38: Mañana | E38: AL-007 | F38: =IFERROR(INDEX(Alumnos!$B$2:$B$31,MATCH($E38,Alumnos!$A$2:$A$31,0))&", "&INDEX(Alumnos!$C$2:$C$31,MATCH($E38,Alumnos!$A$2:$A$31,0)),"") -> Medina, Valentina | G38: Ausente
A39: 03/09/2026 | B39: 1 | C39: A | D39: Mañana | E39: AL-008 | F39: =IFERROR(INDEX(Alumnos!$B$2:$B$31,MATCH($E39,Alumnos!$A$2:$A$31,0))&", "&INDEX(Alumnos!$C$2:$C$31,MATCH($E39,Alumnos!$A$2:$A$31,0)),"") -> Rojas, María | G39: Tarde | H39: Llegó 15 min tarde
A40: 03/09/2026 | B40: 1 | C40: A | D40: Mañana | E40: AL-009 | F40: =IFERROR(INDEX(Alumnos!$B$2:$B$31,MATCH($E40,Alumnos!$A$2:$A$31,0))&", "&INDEX(Alumnos!$C$2:$C$31,MATCH($E40,Alumnos!$A$2:$A$31,0)),"") -> Cabrera, Sofía | G40: Presente
A41: 03/09/2026 | B41: 1 | C41: A | D41: Mañana | E41: AL-010 | F41: =IFERROR(INDEX(Alumnos!$B$2:$B$31,MATCH($E41,Alumnos!$A$2:$A$31,0))&", "&INDEX(Alumnos!$C$2:$C$31,MATCH($E41,Alumnos!$A$2:$A$31,0)),"") -> Núñez, Renata | G41: Presente
A42: 03/09/2026 | B42: 2 | C42: A | D42: Mañana | E42: AL-011 | F42: =IFERROR(INDEX(Alumnos!$B$2:$B$31,MATCH($E42,Alumnos!$A$2:$A$31,0))&", "&INDEX(Alumnos!$C$2:$C$31,MATCH($E42,Alumnos!$A$2:$A$31,0)),"") -> Pérez, Emilia | G42: Presente
A43: 03/09/2026 | B43: 2 | C43: A | D43: Mañana | E43: AL-012 | F43: =IFERROR(INDEX(Alumnos!$B$2:$B$31,MATCH($E43,Alumnos!$A$2:$A$31,0))&", "&INDEX(Alumnos!$C$2:$C$31,MATCH($E43,Alumnos!$A$2:$A$31,0)),"") -> Aguirre, Camila | G43: Ausente
A44: 03/09/2026 | B44: 2 | C44: A | D44: Mañana | E44: AL-013 | F44: =IFERROR(INDEX(Alumnos!$B$2:$B$31,MATCH($E44,Alumnos!$A$2:$A$31,0))&", "&INDEX(Alumnos!$C$2:$C$31,MATCH($E44,Alumnos!$A$2:$A$31,0)),"") -> Aguirre, Guadalupe | G44: Presente
A45: 03/09/2026 | B45: 2 | C45: A | D45: Mañana | E45: AL-014 | F45: =IFERROR(INDEX(Alumnos!$B$2:$B$31,MATCH($E45,Alumnos!$A$2:$A$31,0))&", "&INDEX(Alumnos!$C$2:$C$31,MATCH($E45,Alumnos!$A$2:$A$31,0)),"") -> Acosta, Bruno | G45: Presente
A46: 03/09/2026 | B46: 2 | C46: A | D46: Mañana | E46: AL-015 | F46: =IFERROR(INDEX(Alumnos!$B$2:$B$31,MATCH($E46,Alumnos!$A$2:$A$31,0))&", "&INDEX(Alumnos!$C$2:$C$31,MATCH($E46,Alumnos!$A$2:$A$31,0)),"") -> Flores, Valentina | G46: Presente
A47: 03/09/2026 | B47: 2 | C47: A | D47: Mañana | E47: AL-016 | F47: =IFERROR(INDEX(Alumnos!$B$2:$B$31,MATCH($E47,Alumnos!$A$2:$A$31,0))&", "&INDEX(Alumnos!$C$2:$C$31,MATCH($E47,Alumnos!$A$2:$A$31,0)),"") -> Aguirre, Juan | G47: Justificada | H47: Certificado médico presentado
A48: 03/09/2026 | B48: 2 | C48: A | D48: Mañana | E48: AL-017 | F48: =IFERROR(INDEX(Alumnos!$B$2:$B$31,MATCH($E48,Alumnos!$A$2:$A$31,0))&", "&INDEX(Alumnos!$C$2:$C$31,MATCH($E48,Alumnos!$A$2:$A$31,0)),"") -> Ruiz, Camila | G48: Presente
A49: 03/09/2026 | B49: 2 | C49: A | D49: Mañana | E49: AL-018 | F49: =IFERROR(INDEX(Alumnos!$B$2:$B$31,MATCH($E49,Alumnos!$A$2:$A$31,0))&", "&INDEX(Alumnos!$C$2:$C$31,MATCH($E49,Alumnos!$A$2:$A$31,0)),"") -> Castro, Nicolás | G49: Presente
A50: 03/09/2026 | B50: 2 | C50: A | D50: Mañana | E50: AL-019 | F50: =IFERROR(INDEX(Alumnos!$B$2:$B$31,MATCH($E50,Alumnos!$A$2:$A$31,0))&", "&INDEX(Alumnos!$C$2:$C$31,MATCH($E50,Alumnos!$A$2:$A$31,0)),"") -> Suárez, Julieta | G50: Ausente
A51: 03/09/2026 | B51: 2 | C51: A | D51: Mañana | E51: AL-020 | F51: =IFERROR(INDEX(Alumnos!$B$2:$B$31,MATCH($E51,Alumnos!$A$2:$A$31,0))&", "&INDEX(Alumnos!$C$2:$C$31,MATCH($E51,Alumnos!$A$2:$A$31,0)),"") -> Vega, Benjamín | G51: Ausente
A52: 03/09/2026 | B52: 3 | C52: A | D52: Tarde | E52: AL-021 | F52: =IFERROR(INDEX(Alumnos!$B$2:$B$31,MATCH($E52,Alumnos!$A$2:$A$31,0))&", "&INDEX(Alumnos!$C$2:$C$31,MATCH($E52,Alumnos!$A$2:$A$31,0)),"") -> Molina, Milagros | G52: Presente
A53: 03/09/2026 | B53: 3 | C53: A | D53: Tarde | E53: AL-022 | F53: =IFERROR(INDEX(Alumnos!$B$2:$B$31,MATCH($E53,Alumnos!$A$2:$A$31,0))&", "&INDEX(Alumnos!$C$2:$C$31,MATCH($E53,Alumnos!$A$2:$A$31,0)),"") -> Rodríguez, Renata | G53: Presente
A54: 03/09/2026 | B54: 3 | C54: A | D54: Tarde | E54: AL-023 | F54: =IFERROR(INDEX(Alumnos!$B$2:$B$31,MATCH($E54,Alumnos!$A$2:$A$31,0))&", "&INDEX(Alumnos!$C$2:$C$31,MATCH($E54,Alumnos!$A$2:$A$31,0)),"") -> Peralta, Franco | G54: Presente
A55: 03/09/2026 | B55: 3 | C55: A | D55: Tarde | E55: AL-024 | F55: =IFERROR(INDEX(Alumnos!$B$2:$B$31,MATCH($E55,Alumnos!$A$2:$A$31,0))&", "&INDEX(Alumnos!$C$2:$C$31,MATCH($E55,Alumnos!$A$2:$A$31,0)),"") -> Sánchez, Renata | G55: Tarde | H55: Llegó 15 min tarde
A56: 03/09/2026 | B56: 3 | C56: A | D56: Tarde | E56: AL-025 | F56: =IFERROR(INDEX(Alumnos!$B$2:$B$31,MATCH($E56,Alumnos!$A$2:$A$31,0))&", "&INDEX(Alumnos!$C$2:$C$31,MATCH($E56,Alumnos!$A$2:$A$31,0)),"") -> Martínez, Benjamín | G56: Presente
A57: 03/09/2026 | B57: 3 | C57: A | D57: Tarde | E57: AL-026 | F57: =IFERROR(INDEX(Alumnos!$B$2:$B$31,MATCH($E57,Alumnos!$A$2:$A$31,0))&", "&INDEX(Alumnos!$C$2:$C$31,MATCH($E57,Alumnos!$A$2:$A$31,0)),"") -> Medina, María | G57: Presente
A58: 03/09/2026 | B58: 3 | C58: A | D58: Tarde | E58: AL-027 | F58: =IFERROR(INDEX(Alumnos!$B$2:$B$31,MATCH($E58,Alumnos!$A$2:$A$31,0))&", "&INDEX(Alumnos!$C$2:$C$31,MATCH($E58,Alumnos!$A$2:$A$31,0)),"") -> Molina, Facundo | G58: Presente
A59: 03/09/2026 | B59: 3 | C59: A | D59: Tarde | E59: AL-028 | F59: =IFERROR(INDEX(Alumnos!$B$2:$B$31,MATCH($E59,Alumnos!$A$2:$A$31,0))&", "&INDEX(Alumnos!$C$2:$C$31,MATCH($E59,Alumnos!$A$2:$A$31,0)),"") -> Álvarez, Pilar | G59: Presente
A60: 03/09/2026 | B60: 3 | C60: A | D60: Tarde | E60: AL-029 | F60: =IFERROR(INDEX(Alumnos!$B$2:$B$31,MATCH($E60,Alumnos!$A$2:$A$31,0))&", "&INDEX(Alumnos!$C$2:$C$31,MATCH($E60,Alumnos!$A$2:$A$31,0)),"") -> Suárez, Pilar | G60: Presente
A61: 03/09/2026 | B61: 3 | C61: A | D61: Tarde | E61: AL-030 | F61: =IFERROR(INDEX(Alumnos!$B$2:$B$31,MATCH($E61,Alumnos!$A$2:$A$31,0))&", "&INDEX(Alumnos!$C$2:$C$31,MATCH($E61,Alumnos!$A$2:$A$31,0)),"") -> Sánchez, Facundo | G61: Presente
A62: 04/09/2026 | B62: 1 | C62: A | D62: Mañana | E62: AL-001 | F62: =IFERROR(INDEX(Alumnos!$B$2:$B$31,MATCH($E62,Alumnos!$A$2:$A$31,0))&", "&INDEX(Alumnos!$C$2:$C$31,MATCH($E62,Alumnos!$A$2:$A$31,0)),"") -> Ortiz, María | G62: Ausente
A63: 04/09/2026 | B63: 1 | C63: A | D63: Mañana | E63: AL-002 | F63: =IFERROR(INDEX(Alumnos!$B$2:$B$31,MATCH($E63,Alumnos!$A$2:$A$31,0))&", "&INDEX(Alumnos!$C$2:$C$31,MATCH($E63,Alumnos!$A$2:$A$31,0)),"") -> Herrera, Delfina | G63: Ausente
A64: 04/09/2026 | B64: 1 | C64: A | D64: Mañana | E64: AL-003 | F64: =IFERROR(INDEX(Alumnos!$B$2:$B$31,MATCH($E64,Alumnos!$A$2:$A$31,0))&", "&INDEX(Alumnos!$C$2:$C$31,MATCH($E64,Alumnos!$A$2:$A$31,0)),"") -> Vega, Joaquín | G64: Presente
A65: 04/09/2026 | B65: 1 | C65: A | D65: Mañana | E65: AL-004 | F65: =IFERROR(INDEX(Alumnos!$B$2:$B$31,MATCH($E65,Alumnos!$A$2:$A$31,0))&", "&INDEX(Alumnos!$C$2:$C$31,MATCH($E65,Alumnos!$A$2:$A$31,0)),"") -> Silva, Tomás | G65: Presente
A66: 04/09/2026 | B66: 1 | C66: A | D66: Mañana | E66: AL-005 | F66: =IFERROR(INDEX(Alumnos!$B$2:$B$31,MATCH($E66,Alumnos!$A$2:$A$31,0))&", "&INDEX(Alumnos!$C$2:$C$31,MATCH($E66,Alumnos!$A$2:$A$31,0)),"") -> Sánchez, Franco | G66: Presente
A67: 04/09/2026 | B67: 1 | C67: A | D67: Mañana | E67: AL-006 | F67: =IFERROR(INDEX(Alumnos!$B$2:$B$31,MATCH($E67,Alumnos!$A$2:$A$31,0))&", "&INDEX(Alumnos!$C$2:$C$31,MATCH($E67,Alumnos!$A$2:$A$31,0)),"") -> Luna, Iván | G67: Tarde | H67: Llegó 15 min tarde
A68: 04/09/2026 | B68: 1 | C68: A | D68: Mañana | E68: AL-007 | F68: =IFERROR(INDEX(Alumnos!$B$2:$B$31,MATCH($E68,Alumnos!$A$2:$A$31,0))&", "&INDEX(Alumnos!$C$2:$C$31,MATCH($E68,Alumnos!$A$2:$A$31,0)),"") -> Medina, Valentina | G68: Presente
A69: 04/09/2026 | B69: 1 | C69: A | D69: Mañana | E69: AL-008 | F69: =IFERROR(INDEX(Alumnos!$B$2:$B$31,MATCH($E69,Alumnos!$A$2:$A$31,0))&", "&INDEX(Alumnos!$C$2:$C$31,MATCH($E69,Alumnos!$A$2:$A$31,0)),"") -> Rojas, María | G69: Presente
A70: 04/09/2026 | B70: 1 | C70: A | D70: Mañana | E70: AL-009 | F70: =IFERROR(INDEX(Alumnos!$B$2:$B$31,MATCH($E70,Alumnos!$A$2:$A$31,0))&", "&INDEX(Alumnos!$C$2:$C$31,MATCH($E70,Alumnos!$A$2:$A$31,0)),"") -> Cabrera, Sofía | G70: Presente
A71: 04/09/2026 | B71: 1 | C71: A | D71: Mañana | E71: AL-010 | F71: =IFERROR(INDEX(Alumnos!$B$2:$B$31,MATCH($E71,Alumnos!$A$2:$A$31,0))&", "&INDEX(Alumnos!$C$2:$C$31,MATCH($E71,Alumnos!$A$2:$A$31,0)),"") -> Núñez, Renata | G71: Presente
A72: 04/09/2026 | B72: 2 | C72: A | D72: Mañana | E72: AL-011 | F72: =IFERROR(INDEX(Alumnos!$B$2:$B$31,MATCH($E72,Alumnos!$A$2:$A$31,0))&", "&INDEX(Alumnos!$C$2:$C$31,MATCH($E72,Alumnos!$A$2:$A$31,0)),"") -> Pérez, Emilia | G72: Presente
A73: 04/09/2026 | B73: 2 | C73: A | D73: Mañana | E73: AL-012 | F73: =IFERROR(INDEX(Alumnos!$B$2:$B$31,MATCH($E73,Alumnos!$A$2:$A$31,0))&", "&INDEX(Alumnos!$C$2:$C$31,MATCH($E73,Alumnos!$A$2:$A$31,0)),"") -> Aguirre, Camila | G73: Tarde | H73: Llegó 15 min tarde
A74: 04/09/2026 | B74: 2 | C74: A | D74: Mañana | E74: AL-013 | F74: =IFERROR(INDEX(Alumnos!$B$2:$B$31,MATCH($E74,Alumnos!$A$2:$A$31,0))&", "&INDEX(Alumnos!$C$2:$C$31,MATCH($E74,Alumnos!$A$2:$A$31,0)),"") -> Aguirre, Guadalupe | G74: Tarde | H74: Llegó 15 min tarde
A75: 04/09/2026 | B75: 2 | C75: A | D75: Mañana | E75: AL-014 | F75: =IFERROR(INDEX(Alumnos!$B$2:$B$31,MATCH($E75,Alumnos!$A$2:$A$31,0))&", "&INDEX(Alumnos!$C$2:$C$31,MATCH($E75,Alumnos!$A$2:$A$31,0)),"") -> Acosta, Bruno | G75: Justificada | H75: Certificado médico presentado
A76: 04/09/2026 | B76: 2 | C76: A | D76: Mañana | E76: AL-015 | F76: =IFERROR(INDEX(Alumnos!$B$2:$B$31,MATCH($E76,Alumnos!$A$2:$A$31,0))&", "&INDEX(Alumnos!$C$2:$C$31,MATCH($E76,Alumnos!$A$2:$A$31,0)),"") -> Flores, Valentina | G76: Ausente
A77: 04/09/2026 | B77: 2 | C77: A | D77: Mañana | E77: AL-016 | F77: =IFERROR(INDEX(Alumnos!$B$2:$B$31,MATCH($E77,Alumnos!$A$2:$A$31,0))&", "&INDEX(Alumnos!$C$2:$C$31,MATCH($E77,Alumnos!$A$2:$A$31,0)),"") -> Aguirre, Juan | G77: Presente
A78: 04/09/2026 | B78: 2 | C78: A | D78: Mañana | E78: AL-017 | F78: =IFERROR(INDEX(Alumnos!$B$2:$B$31,MATCH($E78,Alumnos!$A$2:$A$31,0))&", "&INDEX(Alumnos!$C$2:$C$31,MATCH($E78,Alumnos!$A$2:$A$31,0)),"") -> Ruiz, Camila | G78: Ausente
A79: 04/09/2026 | B79: 2 | C79: A | D79: Mañana | E79: AL-018 | F79: =IFERROR(INDEX(Alumnos!$B$2:$B$31,MATCH($E79,Alumnos!$A$2:$A$31,0))&", "&INDEX(Alumnos!$C$2:$C$31,MATCH($E79,Alumnos!$A$2:$A$31,0)),"") -> Castro, Nicolás | G79: Presente
A80: 04/09/2026 | B80: 2 | C80: A | D80: Mañana | E80: AL-019 | F80: =IFERROR(INDEX(Alumnos!$B$2:$B$31,MATCH($E80,Alumnos!$A$2:$A$31,0))&", "&INDEX(Alumnos!$C$2:$C$31,MATCH($E80,Alumnos!$A$2:$A$31,0)),"") -> Suárez, Julieta | G80: Ausente
A81: 04/09/2026 | B81: 2 | C81: A | D81: Mañana | E81: AL-020 | F81: =IFERROR(INDEX(Alumnos!$B$2:$B$31,MATCH($E81,Alumnos!$A$2:$A$31,0))&", "&INDEX(Alumnos!$C$2:$C$31,MATCH($E81,Alumnos!$A$2:$A$31,0)),"") -> Vega, Benjamín | G81: Presente
A82: 04/09/2026 | B82: 3 | C82: A | D82: Tarde | E82: AL-021 | F82: =IFERROR(INDEX(Alumnos!$B$2:$B$31,MATCH($E82,Alumnos!$A$2:$A$31,0))&", "&INDEX(Alumnos!$C$2:$C$31,MATCH($E82,Alumnos!$A$2:$A$31,0)),"") -> Molina, Milagros | G82: Presente
A83: 04/09/2026 | B83: 3 | C83: A | D83: Tarde | E83: AL-022 | F83: =IFERROR(INDEX(Alumnos!$B$2:$B$31,MATCH($E83,Alumnos!$A$2:$A$31,0))&", "&INDEX(Alumnos!$C$2:$C$31,MATCH($E83,Alumnos!$A$2:$A$31,0)),"") -> Rodríguez, Renata | G83: Presente
A84: 04/09/2026 | B84: 3 | C84: A | D84: Tarde | E84: AL-023 | F84: =IFERROR(INDEX(Alumnos!$B$2:$B$31,MATCH($E84,Alumnos!$A$2:$A$31,0))&", "&INDEX(Alumnos!$C$2:$C$31,MATCH($E84,Alumnos!$A$2:$A$31,0)),"") -> Peralta, Franco | G84: Presente
A85: 04/09/2026 | B85: 3 | C85: A | D85: Tarde | E85: AL-024 | F85: =IFERROR(INDEX(Alumnos!$B$2:$B$31,MATCH($E85,Alumnos!$A$2:$A$31,0))&", "&INDEX(Alumnos!$C$2:$C$31,MATCH($E85,Alumnos!$A$2:$A$31,0)),"") -> Sánchez, Renata | G85: Presente
A86: 04/09/2026 | B86: 3 | C86: A | D86: Tarde | E86: AL-025 | F86: =IFERROR(INDEX(Alumnos!$B$2:$B$31,MATCH($E86,Alumnos!$A$2:$A$31,0))&", "&INDEX(Alumnos!$C$2:$C$31,MATCH($E86,Alumnos!$A$2:$A$31,0)),"") -> Martínez, Benjamín | G86: Presente
A87: 04/09/2026 | B87: 3 | C87: A | D87: Tarde | E87: AL-026 | F87: =IFERROR(INDEX(Alumnos!$B$2:$B$31,MATCH($E87,Alumnos!$A$2:$A$31,0))&", "&INDEX(Alumnos!$C$2:$C$31,MATCH($E87,Alumnos!$A$2:$A$31,0)),"") -> Medina, María | G87: Presente
A88: 04/09/2026 | B88: 3 | C88: A | D88: Tarde | E88: AL-027 | F88: =IFERROR(INDEX(Alumnos!$B$2:$B$31,MATCH($E88,Alumnos!$A$2:$A$31,0))&", "&INDEX(Alumnos!$C$2:$C$31,MATCH($E88,Alumnos!$A$2:$A$31,0)),"") -> Molina, Facundo | G88: Justificada | H88: Certificado médico presentado
A89: 04/09/2026 | B89: 3 | C89: A | D89: Tarde | E89: AL-028 | F89: =IFERROR(INDEX(Alumnos!$B$2:$B$31,MATCH($E89,Alumnos!$A$2:$A$31,0))&", "&INDEX(Alumnos!$C$2:$C$31,MATCH($E89,Alumnos!$A$2:$A$31,0)),"") -> Álvarez, Pilar | G89: Tarde | H89: Llegó 15 min tarde
A90: 04/09/2026 | B90: 3 | C90: A | D90: Tarde | E90: AL-029 | F90: =IFERROR(INDEX(Alumnos!$B$2:$B$31,MATCH($E90,Alumnos!$A$2:$A$31,0))&", "&INDEX(Alumnos!$C$2:$C$31,MATCH($E90,Alumnos!$A$2:$A$31,0)),"") -> Suárez, Pilar | G90: Justificada | H90: Certificado médico presentado
A91: 04/09/2026 | B91: 3 | C91: A | D91: Tarde | E91: AL-030 | F91: =IFERROR(INDEX(Alumnos!$B$2:$B$31,MATCH($E91,Alumnos!$A$2:$A$31,0))&", "&INDEX(Alumnos!$C$2:$C$31,MATCH($E91,Alumnos!$A$2:$A$31,0)),"") -> Sánchez, Facundo | G91: Justificada | H91: Certificado médico presentado
A92: 07/09/2026 | B92: 1 | C92: A | D92: Mañana | E92: AL-001 | F92: =IFERROR(INDEX(Alumnos!$B$2:$B$31,MATCH($E92,Alumnos!$A$2:$A$31,0))&", "&INDEX(Alumnos!$C$2:$C$31,MATCH($E92,Alumnos!$A$2:$A$31,0)),"") -> Ortiz, María | G92: Tarde | H92: Llegó 15 min tarde
A93: 07/09/2026 | B93: 1 | C93: A | D93: Mañana | E93: AL-002 | F93: =IFERROR(INDEX(Alumnos!$B$2:$B$31,MATCH($E93,Alumnos!$A$2:$A$31,0))&", "&INDEX(Alumnos!$C$2:$C$31,MATCH($E93,Alumnos!$A$2:$A$31,0)),"") -> Herrera, Delfina | G93: Presente
A94: 07/09/2026 | B94: 1 | C94: A | D94: Mañana | E94: AL-003 | F94: =IFERROR(INDEX(Alumnos!$B$2:$B$31,MATCH($E94,Alumnos!$A$2:$A$31,0))&", "&INDEX(Alumnos!$C$2:$C$31,MATCH($E94,Alumnos!$A$2:$A$31,0)),"") -> Vega, Joaquín | G94: Presente
A95: 07/09/2026 | B95: 1 | C95: A | D95: Mañana | E95: AL-004 | F95: =IFERROR(INDEX(Alumnos!$B$2:$B$31,MATCH($E95,Alumnos!$A$2:$A$31,0))&", "&INDEX(Alumnos!$C$2:$C$31,MATCH($E95,Alumnos!$A$2:$A$31,0)),"") -> Silva, Tomás | G95: Presente
A96: 07/09/2026 | B96: 1 | C96: A | D96: Mañana | E96: AL-005 | F96: =IFERROR(INDEX(Alumnos!$B$2:$B$31,MATCH($E96,Alumnos!$A$2:$A$31,0))&", "&INDEX(Alumnos!$C$2:$C$31,MATCH($E96,Alumnos!$A$2:$A$31,0)),"") -> Sánchez, Franco | G96: Ausente
A97: 07/09/2026 | B97: 1 | C97: A | D97: Mañana | E97: AL-006 | F97: =IFERROR(INDEX(Alumnos!$B$2:$B$31,MATCH($E97,Alumnos!$A$2:$A$31,0))&", "&INDEX(Alumnos!$C$2:$C$31,MATCH($E97,Alumnos!$A$2:$A$31,0)),"") -> Luna, Iván | G97: Tarde | H97: Llegó 15 min tarde
A98: 07/09/2026 | B98: 1 | C98: A | D98: Mañana | E98: AL-007 | F98: =IFERROR(INDEX(Alumnos!$B$2:$B$31,MATCH($E98,Alumnos!$A$2:$A$31,0))&", "&INDEX(Alumnos!$C$2:$C$31,MATCH($E98,Alumnos!$A$2:$A$31,0)),"") -> Medina, Valentina | G98: Presente
A99: 07/09/2026 | B99: 1 | C99: A | D99: Mañana | E99: AL-008 | F99: =IFERROR(INDEX(Alumnos!$B$2:$B$31,MATCH($E99,Alumnos!$A$2:$A$31,0))&", "&INDEX(Alumnos!$C$2:$C$31,MATCH($E99,Alumnos!$A$2:$A$31,0)),"") -> Rojas, María | G99: Presente
A100: 07/09/2026 | B100: 1 | C100: A | D100: Mañana | E100: AL-009 | F100: =IFERROR(INDEX(Alumnos!$B$2:$B$31,MATCH($E100,Alumnos!$A$2:$A$31,0))&", "&INDEX(Alumnos!$C$2:$C$31,MATCH($E100,Alumnos!$A$2:$A$31,0)),"") -> Cabrera, Sofía | G100: Justificada | H100: Certificado médico presentado
...
